,source,category,title,article_body,colect_time
0,naver_news,정치,與의 김경수 회동…잠룡 띄우기 혹은 총선 PK 사수 의지? ,"[<div id=""articleBodyContents"">
<!-- 본문 내용 -->
<!-- TV플레이어 -->
<!-- // TV플레이어 -->
<script type=""text/javascript"">
// flash 오류를 우회하기 위한 함수 추가
function _flash_removeCallback() {}
</script>
<b>이해찬 이어 양정철까지 金 만남…'정치적 이유' 관측</b><br/><br/><span class=""end_photo_org""><img alt="""" src=""https://imgnews.pstatic.net/image/119/2019/06/10/0002333753_001_20190610124010777.jpg?type=w647""><em class=""img_desc"">김 지사가 5월 27일 오후 국회 의원회관에서 열린 '부·울·경 동남권 관문공항 검증결과 대국민 보고회'에 참석해 발언을 하고 있는 모습. ⓒ데일리안 박항구 기자</em></img></span><br/>더불어민주당 주요 인사들이 총선을 앞두고 잇달아 김경수 경남지사와 만남을 갖고 있다. 당대표에 이어 '친문실세'까지 김 지사와 회동하면서 '김경수 대세론 띄우기'와 함께 총선에서의 PK(부산·울산·경남) 민심 사수 의지를 보이는 것이라는 해석이다. <br/><br/>10일 양정철 민주연구원장과 김 지사가 회동했다. 두 사람의 만남은 김 지사가 '드루킹 댓글 조작 사건'과 관련, 보석 석방이 된 이후 처음이다. <br/><br/>민주당에서는 당의 '싱크탱크'인 민주연구원과 경상남도 산하 경남발전연구원의 정책 공동 개발을 위해 업무협약차 만난 것이라고 설명했다. <br/><br/>하지만 양 원장이 총선 실무를 지휘하는 당내 '실세'로 불린다는 점, 김 지사가 친문계의 유일한 대권 잠룡이라는 점, 양 원장과 김 지사 모두 문재인 대통령의 최측근이라는 점 등에서 두 사람의 만남에 '정치적 해석'이 쏟아지고 있다. <br/><br/>앞서 양 원장이 여권의 또 다른 잠재적 대권 주자인 이재명 경기지사와 박원순 서울시장을 같은 계기로 만났을 때도 '대권주자 띄우기'로 읽혔다. 역대 민주연구원장이 양 원장과 같은 '광폭 행보'를 하지 않았다는 이유에서 이는 당내 친문과 비문을 규합해 총선 승리는 물론 '장기 집권'을 위한 대선 플랜으로 해석됐다. <br/><br/>정치권 한 관계자는 ""양 원장이 민주연구원장으로서 이례적으로 전국을 돌며 광역단체장을 만나는 행보는 친문과 비문을 규합하기 위한 것""이라며 ""이 과정에서 대권 주자로 불리는 광역단체장들을 띄우려는 포석도 있을 것""이라고 말했다. 이어 ""특히 김 지사가 '문 대통령의 복심'이라는 점에서 힘을 더 싣는다는 의미도 있다""고 분석했다.<br/><br/>이에 대해 양 원장과 함께 문재인 대통령의 최측근 '3철'로 불리는 전해철 민주당 의원은 이날 KBS 라디오 '김경래의 최강시사'에서 ""모든 걸 다 정치적으로 해석해서 그렇지만 저는 (양 원장이) 제대로 된 정책을 만들고 일을 하는 과정에 있다고 생각한다""고 확대 해석을 경계했다. <br/><br/>정가에서는 민주당이 김 지사와의 회동을 잇달아 진행하는 건 총선 전 PK 민심에 공을 들이겠다는 의미로도 해석한다. 여당 대표와 광역단체장이 공개적으로 독대한 건 전날 이해찬 대표와 김 지사의 만남이 처음이다.<br/><br/>민주당은 이 대표가 재판을 받고 있는 김 지사를 격려하기 위한 차원에서 만났다고 설명했다.<br/><br/>하지만 지난 4·3 보궐선거에서 PK 민심의 이탈을 확인한 바 있어 이를 회복하기 위한 여권 전략의 일환이라는 분석이 지배적이다. 해당 자리에서 이 대표와 김 지사가 김해 신공항, 제조업 혁신 등 경남 경제 활력 회복을 위한 중앙당 차원의 협력과 지원 약속이 이뤄진 것도 이 때문이라는 것이다.<br/><br/>한편 양 원장은 이날 김 지사를 만난 데 이어, 11일에는 오거돈 부산시장과 송철호 울산시장과 회동한다.<br/><br/>데일리안 고수정 기자 (ko0726@dailian.co.kr)<br/><br/>ⓒ (주)데일리안 - 무단전재, 변형, 무단배포 금지
	<!-- // 본문 내용 -->
</div>]",2019-06-10 13:20
1,naver_news,정치,"與 '단독소집' 딜레마…文대통령, 추경 처리 당부하고 野 비협조","[<div id=""articleBodyContents"">
<!-- 본문 내용 -->
<!-- TV플레이어 -->
<!-- // TV플레이어 -->
<script type=""text/javascript"">
// flash 오류를 우회하기 위한 함수 추가
function _flash_removeCallback() {}
</script>
<strong class=""media_end_summary"">'단독소집' 카드 꺼냈다가 바른미래 반대에 엉거주춤<br/>추경안 계류 47일째…文정부 들어 최장기</strong><span class=""end_photo_org""><img alt="""" src=""https://imgnews.pstatic.net/image/421/2019/06/10/0004032662_001_20190610124419369.jpg?type=w647""><em class=""img_desc"">텅 빈 국회 본회의장. © News1 신웅수 기자</em></img></span><br/>(서울=뉴스1) 전형민 기자 = '2019년도 추가경정예산안'이 10일 47일째 국회에서 장기 계류하는 가운데 국회에서 정부를 후방지원해야 하는 더불어민주당이 추경안 처리를 위한 '단독소집 딜레마'에 빠졌다.<br/><br/>날이 지날수록 청와대와 정부 측의 추경 처리 압박이 거세지지만, 국회 운영의 한 축이자 핵심 고리인 자유한국당은 요지부동인 채 맞서고 있기 때문이다.<br/><br/>지난 4월 25일 국회로 제출된 이번 추경안은 이날까지 계류 47일째로, 문재인 정부 들어 제출된 추경안 가운데 가장 긴 국회 계류를 기록했다. 앞서 제출된 2017년과 2018년 두 번의 추경안은 각각 45일간 계류 후 처리됐다.<br/><br/>이날 국회에서 열린 확대고위당정협의에서 정부, 청와대 등 여권 인사들은 추경의 필요성을 역설하며 조속한 국회의 처리를 당부했다.<br/><br/>이낙연 국무총리는 ""IMF를 비롯한 국제기구가 우리 경제를 위해 추경을 제안했고, 고통을 겪는 국민과 기업이 추경을 기다리는데도 그 추경을 외면하는 것은 무엇을 위한 정치인지 모르겠다""고 지적했다.<br/><br/>김수현 청와대 정책실장은 이 자리에서 최근 미·중 무역 갈등을 언급하면서 ""이번 추경은 수출 지원을 위한 예산 3000여억원을 포함해 경기 부양 및 민생 긴급 지원예산 4조5000억원이 담겨있다""며 ""한시가 급하다""고 했다.<br/><br/>앞서 문재인 대통령도 전날(9일) 순방길에 오르면서 문희상 국회의장과의 통화에서 ""정부에서 긴급하게 생각하는 추경안이 국회에서 심사조차 되지 않고 있다. 한시라도 빨리 국회가 정상화될 수 있도록 노력해달라""고 부탁했다.<br/><br/>윤종원 청와대 경제수석도 지난 7일 청와대 춘추관에서 열린 기자간담회에서 하반기 경제 상황과 관련 ""세계 경기가 내림세를 나타내고 있다""며 ""경제가 여러 가지 어려운 상황에 있으니 국회에서 이른 시일 내에 추경을 심의해달라""고 요청했다.<br/><br/>이뿐만 아니라 최근 각 부처 장관이 이해찬 민주당 대표와 오찬을 함께하며 소관 부처의 추경 예산에 대해 당부하거나, 연달아 당정협의를 열고 추경의 필요성을 언급하는 등 다양한 방법으로 추경안의 처리를 강조하고 나선 상태다.<br/><br/><span class=""end_photo_org""><img alt="""" src=""https://imgnews.pstatic.net/image/421/2019/06/10/0004032662_002_20190610124419470.jpg?type=w647""><em class=""img_desc"">10일 서울 여의도 국회 의원회관에서 열린 확대 고위 당정청 협의회에서 김수현 청와대 정책실장이 발언하고 있다. © News1 이종덕 기자</em></img></span><br/>그러나 여권의 전방위 드라이브에도 국회는 여전히 공전 중이다. 여야 모두 '조건 없는 정상화'와 '패스트트랙 법안 합의처리'라는 서로의 요구사항에서 한 걸음도 물러서지 못한 채 대치만 지속하고 있기 때문이다.<br/><br/>특히 민주당의 자세가 엉거주춤하다. 애초 '국회 단독소집'을 거론하며 한국당을 강하게 압박해 협상장으로 끌어내거나 여차하면 '단독소집'을 강행하려 했지만, 의도와 달리 바른미래당의 반감을 샀기 때문이다.<br/><br/>바른미래당은 국회 정상화의 필요성에는 공감하면서도 민주당이 '단독소집'을 언급하자 곧바로 부정적인 반응을 내놓았다.<br/><br/>만약 바른미래당조차 단독소집에 반대하면, 단독으로 6월 임시국회를 소집하더라도 소관 상임위원회인 예산결산특별위원회의 통과는 물론 본회의에서의 표 대결을 통한 의결을 장담할 수 없다.<br/><br/>추경안 역시 일반 법안과 마찬가지로 재적 과반의 출석과 출석 과반의 찬성으로 표결 처리해야 하는데, 128석에 불과한 민주당으로서는 바른미래당과 민주평화당의 협조가 절실하다.<br/><br/>아울러 끝내 한국당과 바른미래당의 반대를 무릅쓸 경우, 앞으로 10개월여 남은 국회의 운영은 사실상 물 건너가게 된다.<br/><br/>한편 이러한 상황을 의식한듯 민주당은 이날도 한국당을 향해 조속한 국회 복귀를 촉구할 뿐 '단독소집' 등에 대해서는 선을 그었다.<br/><br/>이인영 원내대표는 이날 오전 확대고위당정협의 직후 기자들과 만난 자리에서 '당정협의에서 단독소집에 대한 이야기는 안나왔느냐'는 질문에 ""글쎄요. 오늘은, 지금은 얘기 안 할게요""라고 답했다.<br/><br/>앞서 박찬대 원내대변인도 전날 국회에서 기자들과 만나 협상의 기한 여부를 묻는 질문에 ""기한이 없다""고 말했다.<br/><br/>maverick@news1.kr<br/><br/><p><a href=""https://www.cryptohub.or.kr"" target=""_blank"">▶ [ 크립토허브 ]</a> <a href=""http://happypet.news1.kr/"" target=""_blank"">▶ [ 해피펫 ]</a></p><p><a href=""https://media.naver.com/channel/promotion.nhn?oid=421"" target=""_blank"">▶ 네이버 메인에서 [뉴스1] 구독하기!</a></p><p>[© 뉴스1코리아(<a href=""http://news1.kr"" target=""_blank"">news1.kr</a>), 무단 전재 및 재배포 금지]</p>
<!-- // 본문 내용 -->
</div>]",2019-06-10 13:21
2,naver_news,정치,與의 김경수 회동…잠룡 띄우기 혹은 총선 PK 사수 의지? ,"[<div id=""articleBodyContents"">
<!-- 본문 내용 -->
<!-- TV플레이어 -->
<!-- // TV플레이어 -->
<script type=""text/javascript"">
// flash 오류를 우회하기 위한 함수 추가
function _flash_removeCallback() {}
</script>
<b>이해찬 이어 양정철까지 金 만남…'정치적 이유' 관측</b><br/><br/><span class=""end_photo_org""><img alt="""" src=""https://imgnews.pstatic.net/image/119/2019/06/10/0002333753_001_20190610124010777.jpg?type=w647""><em class=""img_desc"">김 지사가 5월 27일 오후 국회 의원회관에서 열린 '부·울·경 동남권 관문공항 검증결과 대국민 보고회'에 참석해 발언을 하고 있는 모습. ⓒ데일리안 박항구 기자</em></img></span><br/>더불어민주당 주요 인사들이 총선을 앞두고 잇달아 김경수 경남지사와 만남을 갖고 있다. 당대표에 이어 '친문실세'까지 김 지사와 회동하면서 '김경수 대세론 띄우기'와 함께 총선에서의 PK(부산·울산·경남) 민심 사수 의지를 보이는 것이라는 해석이다. <br/><br/>10일 양정철 민주연구원장과 김 지사가 회동했다. 두 사람의 만남은 김 지사가 '드루킹 댓글 조작 사건'과 관련, 보석 석방이 된 이후 처음이다. <br/><br/>민주당에서는 당의 '싱크탱크'인 민주연구원과 경상남도 산하 경남발전연구원의 정책 공동 개발을 위해 업무협약차 만난 것이라고 설명했다. <br/><br/>하지만 양 원장이 총선 실무를 지휘하는 당내 '실세'로 불린다는 점, 김 지사가 친문계의 유일한 대권 잠룡이라는 점, 양 원장과 김 지사 모두 문재인 대통령의 최측근이라는 점 등에서 두 사람의 만남에 '정치적 해석'이 쏟아지고 있다. <br/><br/>앞서 양 원장이 여권의 또 다른 잠재적 대권 주자인 이재명 경기지사와 박원순 서울시장을 같은 계기로 만났을 때도 '대권주자 띄우기'로 읽혔다. 역대 민주연구원장이 양 원장과 같은 '광폭 행보'를 하지 않았다는 이유에서 이는 당내 친문과 비문을 규합해 총선 승리는 물론 '장기 집권'을 위한 대선 플랜으로 해석됐다. <br/><br/>정치권 한 관계자는 ""양 원장이 민주연구원장으로서 이례적으로 전국을 돌며 광역단체장을 만나는 행보는 친문과 비문을 규합하기 위한 것""이라며 ""이 과정에서 대권 주자로 불리는 광역단체장들을 띄우려는 포석도 있을 것""이라고 말했다. 이어 ""특히 김 지사가 '문 대통령의 복심'이라는 점에서 힘을 더 싣는다는 의미도 있다""고 분석했다.<br/><br/>이에 대해 양 원장과 함께 문재인 대통령의 최측근 '3철'로 불리는 전해철 민주당 의원은 이날 KBS 라디오 '김경래의 최강시사'에서 ""모든 걸 다 정치적으로 해석해서 그렇지만 저는 (양 원장이) 제대로 된 정책을 만들고 일을 하는 과정에 있다고 생각한다""고 확대 해석을 경계했다. <br/><br/>정가에서는 민주당이 김 지사와의 회동을 잇달아 진행하는 건 총선 전 PK 민심에 공을 들이겠다는 의미로도 해석한다. 여당 대표와 광역단체장이 공개적으로 독대한 건 전날 이해찬 대표와 김 지사의 만남이 처음이다.<br/><br/>민주당은 이 대표가 재판을 받고 있는 김 지사를 격려하기 위한 차원에서 만났다고 설명했다.<br/><br/>하지만 지난 4·3 보궐선거에서 PK 민심의 이탈을 확인한 바 있어 이를 회복하기 위한 여권 전략의 일환이라는 분석이 지배적이다. 해당 자리에서 이 대표와 김 지사가 김해 신공항, 제조업 혁신 등 경남 경제 활력 회복을 위한 중앙당 차원의 협력과 지원 약속이 이뤄진 것도 이 때문이라는 것이다.<br/><br/>한편 양 원장은 이날 김 지사를 만난 데 이어, 11일에는 오거돈 부산시장과 송철호 울산시장과 회동한다.<br/><br/>데일리안 고수정 기자 (ko0726@dailian.co.kr)<br/><br/>ⓒ (주)데일리안 - 무단전재, 변형, 무단배포 금지
	<!-- // 본문 내용 -->
</div>]",2019-06-10 13:21
3,naver_news,정치,오늘 한-핀란드 정상회담…‘한반도 평화 구상’ 주목,"[<div id=""articleBodyContents"">
<!-- 본문 내용 -->
<!-- TV플레이어 -->
<!-- // TV플레이어 -->
<script type=""text/javascript"">
// flash 오류를 우회하기 위한 함수 추가
function _flash_removeCallback() {}
</script>
<div class=""vod_area""><iframe _src=""/main/readVod.nhn?oid=056&amp;aid=0010710254&amp;position=1&amp;autoPlay=true&amp;viewType="" allowfullscreen=""true"" frameborder=""0"" height=""363"" marginheight=""0"" marginwidth=""0"" title=""영상 플레이어"" width=""647""></iframe></div><br/><br/> [앵커]<br/><br/> 북유럽 순방 첫 방문국인 핀란드에 도착한 문재인 대통령이 오늘부터 공식 일정을 시작합니다.<br/><br/> 평화와 혁신, 포용국가가 이번 순방 의제인데, 특히 비핵화 협상 교착 국면에서 문 대통령이 밝힐 한반도 평화 구상이 주목됩니다.<br/><br/> 김지선 기자의 보도입니다.<br/><br/> [리포트]<br/><br/> 문재인 대통령이  순방 첫번째 국가인 핀란드 헬싱키에 도착했습니다.<br/><br/> 노키아의 실패를 딛고 일어선 스타트업 선두 국가이자, 냉전 시대 긴장 완화에 기여한 '헬싱키 프로세스'를 주도했던 곳.<br/><br/> 우리나라 대통령으로선 두번째 국빈 방문입니다.<br/><br/> 문 대통령은 오늘 '사울리 니니스퇴' 핀란드 대통령과 정상회담을 합니다.<br/><br/> 한반도 평화 지지를 확인하고 스타트업 육성을 위한 교류 협력 방안 등을 논의할 예정입니다.<br/><br/>[윤종원/청와대 경제수석 : ""핀란드 방문을 통해 우리 스타트업과 중소기업의 유럽진출 기반이 강화되는 계기가 될 것으로 기대됩니다.""]<br/><br/> 한반도 비핵화 교착 국면에서 이뤄지는 이번 순방에서 가장 주목되는 건 문 대통령의 평화 메시지입니다.<br/><br/> 한반도 평화를 주제로 한 연설이 두 번 예정돼 있는데, 특히 첫번째 연설은 1차 북미 정상회담 1주년인 12일에 노르웨이 오슬로에서 합니다.<br/><br/> 남북 대치 국면에서 나온 2017년 베를린 연설 이후 남북, 북미 정상회담이 이어진 것처럼 이번에도 북한과 미국을 대화의 장으로 이끌어내는 구체적 구상이 나올지 주목됩니다.<br/><br/> 이달 말엔 G20 정상회의를 계기로 주요국 정상들과의 회담도 잇따라 열립니다.<br/><br/> 하노이 회담 이후 다시 한반도 비핵화 논의에 속도가 붙을 수 있을지, 6월의 외교 무대 막이 올랐습니다.<br/><br/> 헬싱키에서 KBS 뉴스 김지선입니다.<br/><br/>김지선 기자 (3rdline@kbs.co.kr)<br/><br/><a href=""https://media.naver.com/channel/promotion.nhn?oid=056"" target=""_blank"">▶ 네이버 채널 KBS뉴스 구독! 시원하게 털어드립니다</a><br/><br/><a href=""http://news.kbs.co.kr/news/list.do?mcd=0990"" target=""_blank"">▶ ‘TV보다 ㄹㅇ’ 당신의 진짜 뉴스 ‘케이야’</a><br/><br/><a href=""http://news.kbs.co.kr/news/list.do?mcd=0795"" target=""_blank"">▶ 방송에서 못한 현장 이야기 ‘취재후’</a>
<!-- // 본문 내용 -->
</div>]",2019-06-10 13:21
4,naver_news,정치,"신상진 ""물갈이 폭 클 수밖에""...홍문종 탈당 시사","[<div id=""articleBodyContents"">
<!-- 본문 내용 -->
<!-- TV플레이어 -->
<div class=""vod_area"">
<h4 class=""blind"">동영상 뉴스</h4>
<iframe _src=""/main/readVod.nhn?oid=052&amp;aid=0001305044"" allowfullscreen=""true"" frameborder=""0"" height=""363"" marginheight=""0"" marginwidth=""0"" title=""영상 플레이어"" width=""647""></iframe>
</div>
<!-- // TV플레이어 -->
<script type=""text/javascript"">
// flash 오류를 우회하기 위한 함수 추가
function _flash_removeCallback() {}
</script>
	
	자유한국당 계파 갈등이 다시 불거질 조짐을 보이고 있습니다.<br/><br/>공천 틀을 만드는 신상진 신정치 특별위원장이 ""박근혜 전 대통령 탄핵 사태의 뿌리는 공천 후유증이 많았던 2016년 20대 총선""이라며<br/><br/>""총선에서 현역 교체 비율이 클 거""라고 예고했습니다.<br/><br/>[신상진 / 자유한국당 신정치특별위원장 (BBS라디오 '이상휘의 아침저널') : 책임 있는 자세를 보여주는 게 중요하고 그러기 위해서는 물갈이 폭도 크게 있을 수밖에 없다….]<br/><br/>당내 친박을 겨냥한 발언으로 받아들여졌습니다.<br/><br/>친박계는 곧바로 반발했고, 친박계 핵심으로 꼽히는 홍문종 의원은 ""참을 만큼 참았다""면서, ""조금 있으면 탈당선언 할 거""라며, <br/><br/>한국당을 탈당해 대한애국당에 합류할 가능성을 시사하기도 했습니다.<br/><br/>취임 100일을 맞은 황교안 대표는 혁신과 변화를 내세우며 중도층 확장 의지를 보이고 있는 상황이었죠.<br/><br/>이런 가운데 이른바 '물갈이 설'에 탈당 이야기까지 나오자 당내 계파 갈등이 다시 불거지는 게 아니냐는 관측이 많습니다.<br/><br/>하지만 황교안 대표는 당내 분열은 없다고 선을 그었습니다.<br/><br/>[황교안 / 자유한국당 대표 : (홍문종 의원이 대한애국당행 시사했는데?) 당내 분열 없습니다. 저는 직접 듣지는 못했는데 진의가 뭔지 알아보는 기회를 갖겠습니다.]<br/><br/><a href=""https://www.ytn.co.kr/_hd/hd_live.html"" target=""_blank""><b> ▶ 대한민국 24시간 뉴스 채널 YTN 생방송보기 </b></a><br/><a href=""http://media.naver.com/channel/promotion.nhn?oid=052"" target=""_blank""><b> ▶ 네이버에서 YTN 뉴스 채널 구독하기 </b></a><br/><a href=""https://www.realcamp.co.kr/home"" target=""_blank""><b> ▶ 레알마드리드 유소년 축구캠프 with YTN PLUS </b></a><br/><br/>[저작권자(c) YTN &amp; YTN PLUS 무단전재 및 재배포 금지]
	<!-- // 본문 내용 -->
</div>]",2019-06-10 13:21
5,naver_news,정치,"양정철 ""지자체 연구원과 잇단 협약, 총선과 연결짓지 말라""(종합)","[<div id=""articleBodyContents"">
<!-- 본문 내용 -->
<!-- TV플레이어 -->
<!-- // TV플레이어 -->
<script type=""text/javascript"">
// flash 오류를 우회하기 위한 함수 추가
function _flash_removeCallback() {}
</script>
	
	10일 경남발전연구원 업무협약차 경남 찾아 김경수 지사와 환담<br/><br/>김 지사 ""양 원장 환영…다른 정당 연구원과도 협력 적극 추진""<br/><br/><span class=""end_photo_org""><img alt="""" src=""https://imgnews.pstatic.net/image/001/2019/06/10/PYH2019061007070001300_P2_20190610123207910.jpg?type=w647""><em class=""img_desc"">대화하는 김경수와 양정철(창원=연합뉴스) 김동민 기자 = 더불어민주당 싱크탱크인 민주연구원 양정철 민주연구원장이 10일 오전 경남 창원시 의창구 경남도청에서 김경수 경남도지사와 만나 대화하고 있다. <br/>    문재인 대통령 최측근인 이 둘은 양 기관 업무협약을 위해 이날 만났다. 2019.6.10 image@yna.co.kr</em></img></span><br/><br/>    (창원=연합뉴스) 김선경 기자 = 문재인 대통령의 복심으로 불리는 양정철 민주연구원장이 10일 김경수 경남도지사와 만나 환담을 했다. <br/><br/>    이날 경남도청 도지사 집무실에서 만난 양 원장과 김 지사는 화기애애한 분위기 속에서 서로 포옹하고 악수하며 인사했다.<br/><br/>    김 지사는 ""도지사 취임 이후 가장 많은 취재진이 왔다""며 ""경남에 오신 걸 환영한다""고 밝혔다.<br/><br/>    이어 양 원장은 ""번거롭게 해서 죄송하다""며 웃은 뒤 ""경남에 필요한 중요 정책들은 경남발전연구원만큼 축적된 곳이 없다. 형식은 협약이지만 어찌 보면 경남 문제에 대해 더 관심을 갖고 정책·연구적으로 도움을 받고, 경남의 좋은 정책들이 중앙정치나 예산에 잘 반영될 수 있도록 저희가 배우러 온 것""이라고 화답했다. <br/><br/>    김 지사는 ""민주당뿐만 아니라 다른 정당 연구원들도 이런 노력을 함께 했으면 좋겠다""며 ""제1야당이 자유한국당인데, 한국당 여의도연구원도 경남발전연구원과 이런 협력관계를 가져가겠다면 언제든 환영하고 적극적으로 추진하겠다는 입장을 이미 밝힌 바 있다""고 말했다.<br/><br/>    양 원장은 ""정당마다 싱크탱크가 있는데 5개 당 싱크탱크끼리도 초당적으로 국가발전, 나라발전에 도움이 될 만한 정책이 있으면 서로 협력했으면 좋겠다""며 ""이번 기회로 싱크탱크 간 협약이 정당이나 지방정부 싱크탱크뿐만 아니라 정당 간에 초당적으로 협력해 정책으로 선의의 경쟁을 할 수 있는 첫발이 됐으면 한다""고 답변했다.<br/><br/>    김 지사는 ""오신 김에 두 가지만 청을 드린다""며 지역 정당의 정책역량 강화를 위한 지원과 국회에서의 신속한 추경 예산 통과를 당부하기도 했다.<br/><br/>    그는 ""(국회에서 추경이 통과되면) 지역으로 내려올 1천800억원 정도를 도의회에서 통과시켜 시·군에 내려보내야 하는데 마지노선은 6월 21일까지다. 국회에서 통과시켜주지 않으면 9월로 넘어간다""며 ""9월 도의회를 통과하고 10∼11월 시·군의회를 통과하면 추경의 의미가 없어진다. 현장에서 예산을 실효성 있게 사용되도록 국회가 서둘러줘야 한다""고 지적했다.<br/><br/>    두 사람은 10분 가까이 만남 모습을 공개한 뒤 15분가량 비공개 환담을 이어갔다.<br/><br/>    양 원장은 김 지사와 회동을 마친 뒤 경남발전연구원과의 업무 협약식에 참석했다. <br/><br/>    앞서 양 원장은 김 지사와 만나기 1시간 전 도청에 도착해 일부 취재진에게 ""(김 지사를 보면) 짠하고 아프다. 국회의원으로만 있었으면 이렇게 고생을 했을까 싶다. 도지사 되고 차기 주자가 되면서…""라며 ""그런 일(드루킹 사건)은 선거판에서 일어났을 수 있다. 착하니까 바쁜 와중에 그런 친구들 응대하니까 짠하다""고 말하기도 했다.<br/><br/>    지방자치단체 산하 연구원과 협약을 통한 각 지역과의 공동정책 개발 내용이 총선 공약으로도 이어질지 묻는 취재진 질문에 대해서는 ""큰일 난다""며 선을 그었다.<br/><br/>    민주연구원과 자치단체 연구원 간 잇단 협약 배경 등과 관련해서는 ""총선하고 연결짓지 말라""며 ""한국당 소속 자치단체에도 (공문을) 다 돌렸다""고 덧붙였다.<br/><br/>    더불어민주당 싱크탱크인 민주연구원은 앞서 서울·경기연구원과도 협약을 체결한 바 있다.<br/><br/>    양 원장은 당시 박원순 서울시장, 이재명 경기도지사와도 면담했다.<br/><br/><span class=""end_photo_org""><img alt="""" src=""https://imgnews.pstatic.net/image/001/2019/06/10/PYH2019061006290005200_P2_20190610123207927.jpg?type=w647""><em class=""img_desc"">포옹하는 김경수와 양정철(창원=연합뉴스) 김동민 기자 = 더불어민주당 싱크탱크인 민주연구원 양정철 민주연구원장이 10일 오전 경남 창원시 의창구 경남도청에서 김경수 경남도지사와 만나 포옹하고 있다. 문재인 대통령 최측근인 이 둘은 양 기관 업무협약을 위해 이날 만났다. 2019.6.10 image@yna.co.kr</em></img></span><br/><br/>    ksk@yna.co.kr<br/><br/><a href=""https://media.naver.com/channel/promotion.nhn?oid=001&amp;naver_promotion"" target=""_blank"">▶네이버 홈에서 [연합뉴스] 채널 구독하기</a><br/><br/><a href=""https://hng.yonhapnews.co.kr/?site=hng_tit&amp;did=1195s"" target=""_blank"">▶뭐 하고 놀까? #흥  </a><a href=""https://www.yna.co.kr/video/index?site=navi_visual_dep02&amp;did=1195s"" target=""_blank"">▶쇼미더뉴스! 오늘 많이 본 뉴스영상</a><br/><br/>
<!-- // 본문 내용 -->
</div>]",2019-06-10 13:21
6,naver_news,경제,최종구 “국회의원 하고 싶다고 되나…키코 분쟁조정 의문”,"[<div id=""articleBodyContents"">
<!-- 본문 내용 -->
<!-- TV플레이어 -->
<!-- // TV플레이어 -->
<script type=""text/javascript"">
// flash 오류를 우회하기 위한 함수 추가
function _flash_removeCallback() {}
</script>
<table align=""CENTER"" bgcolor=""ffffff"" border=""0"" cellpadding=""0"" cellspacing=""5"" width=""443""><tr><td bgcolor=""ffffff"" style=""PADDING-RIGHT: 2px; PADDING-LEFT: 2px; PADDING-BOTTOM: 2px; PADDING-TOP: 2px;""><table bgcolor=""ffffff"" border=""0"" cellpadding=""0"" cellspacing=""5""><tr><td><span class=""end_photo_org""><img alt="""" src=""https://imgnews.pstatic.net/image/018/2019/06/10/0004398409_001_20190610130003728.jpg?type=w647""/></span></td></tr><tr><td style=""PADDING-BOTTOM: 0px; PADDING-LEFT: 0px; PADDING-RIGHT: 0px; FONT-FAMILY: 돋움,돋움체; COLOR: 595959; FONT-SIZE: 9pt; PADDING-TOP: 2px;"">최종구 금융위원장이 10일 서울 마포구 공덕동 신용보증기금 마포 사옥에서 열린 마포혁신타운(새 이름 ‘프론트원’) 착공식에서 발언하고 있다. (사진=금융위원회)</td></tr></table></td></tr></table>[이데일리 박종오 기자] “국회의원 출마는 아무나 합니까? 자기가 하고 싶다고 됩니까, 그게.”<br/><br/>최종구 금융위원장이 10일 이렇게 말했다. 이날 서울 마포구 공덕동 신용보증기금 마포 사옥에서 열린 마포혁신타운(새 이름 ‘프론트원’) 착공식 행사 후 기자들과 만나서다. 최근 급부상한 자신의 내년 총선 차출설(說)을 부인하진 않은 셈이다. <br/><br/>다만 최 위원장은 “국회의원 출마는 거기에 맞는 자질과 능력, 의지가 있어야 할 수 있다”며 “고위 공무원 했다고 그게 다 길러지는 건 아니다”라고 했다. 그러면서 그는 “나는 금융위를 그만두면 여기(프론트원)에 오고 싶다는 이런 생각을 했다”며 우스개를 부렸다. <br/><br/>이런 최 위원장 발언과 달리 그의 내년 4월 총선 출마설은 계속 확산하고 있다. 유력하게 거론되는 지역은 최 위원장 고향인 강원도 강릉이다. 강원도가 대표적인 보수 텃밭인 데다 여당인 더불어민주당이 강릉에서 구인난을 겪는 터라 최 위원장이 금융 전문가 타이틀을 달고 출사표를 던질 수 있다는 것이다. <br/><br/>여당도 최 위원장 출마를 독려하는 분위기이고, 검찰이 최근 최 위원장과 친분 있는 강릉 지역 3선 의원인 권성동 자유한국당 의원에게 강원랜드 채용 비리 연루 혐의로 징역 3년을 구형하며 이런 관측에 힘이 실리고 있다. <br/><br/>최 위원장은 앞서 지난달 이재웅 쏘카 대표와 렌터카 호출 서비스인 ‘타다’를 놓고 논쟁하던 당시 이 대표가 최 위원장을 겨냥해 “갑자기 이분은 왜 이러시는 걸까요? 출마하시려나?”라고 언급하자 “그런 식으로 비아냥거릴 문제가 아니다”라고 답한 바 있다. <br/><br/>또 최 위원장은 금융감독원이 이달 중 산하 분쟁조정위원회에 키코(KIKO) 피해 기업 구제 안건을 상정키로 한 것을 두고는 “그게 과연 분쟁 조정 대상이 될지 의문이 드는 것이 사실”이라며 “분쟁 조정 결과가 나오면 당사자가 받아들여야 조정이 이뤄지는데 어떻게 될지 두고 보겠다”고 했다. <br/><br/>키코는 은행이 2008년 금융위기 이전 수출 중소기업 등에 집중적으로 판매한 파생 금융 상품이다. 환율이 일정 범위에서 움직이면 기업이 미리 정한 환율로 은행에 외화를 팔아 환율 변동에 따른 매출 감소 위험을 줄일 수 있지만, 환율이 그 이상으로 올라가면 기업이 약정액의 2배를 미리 약속한 환율로 은행에 팔아야 해 큰 손해를 본다. <br/><br/>대법원은 지난 2013년 키코가 불공정 거래가 아니라고 판결했다. 그러나 윤석헌 금감원장은 키코의 불공정성이 아닌 은행의 불완전 판매 여부를 집중적으로 따지겠다며 분쟁 조정을 추진해 왔다. 이에 따라 금감원은 조만간 분쟁조정위원회를 열고 기업의 피해 보상 방안을 논의할 예정이다. <br/><br/>아울러 최 위원장은 제3의 인터넷 전문은행 인가를 위해 심사 방식을 바꿀 것이냐는 질문에 “평가 방식은 기존의 틀을 유지할 것”이라며 “(인터넷 은행의) 법적인 자격 요건을 어떻게 하느냐는 국회에서 논의하면 금융위가 참여하겠다. 그러나 평가 방식은 크게 안 바꿀 것”이라고 답했다.<br/><br/>박종오 (pjo22@edaily.co.kr)<br/><br/>당첨자 2222명! 에어팟2, 갤럭시워치 <a href=""http://www.edaily.co.kr/event/roulette_2019"" target=""_blank""><b><font color=""f98b10"">[쏩니다▶]</font></b></a><br/>한반도, 혼돈과 위기를 넘어서 <a href=""http://esf.edaily.co.kr/2019/kor/"" target=""_blank""><b><font color=""f98b10"">[이데일리 전략포럼▶]</font></b></a><br/><br/><p><br/>＜ⓒ종합 경제정보 미디어 이데일리 - 무단전재 &amp; 재배포 금지＞</p>
<!-- // 본문 내용 -->
</div>]",2019-06-10 13:21
7,naver_news,경제,LG화학 ‘구미형 일자리’ 배터리 양극재 공장 짓는다,"[<div id=""articleBodyContents"">
<!-- 본문 내용 -->
<!-- TV플레이어 -->
<div class=""vod_area"">
<h4 class=""blind"">동영상 뉴스</h4>
<iframe _src=""/main/readVod.nhn?oid=374&amp;aid=0000186098"" allowfullscreen=""true"" frameborder=""0"" height=""363"" marginheight=""0"" marginwidth=""0"" title=""영상 플레이어"" width=""647""></iframe>
</div>
<!-- // TV플레이어 -->
<script type=""text/javascript"">
// flash 오류를 우회하기 위한 함수 추가
function _flash_removeCallback() {}
</script>
<strong>■ 경제와이드 백브리핑 시시각각 </strong><br/><br/>[앵커]<br/><br/>LG화학이 '구미형 일자리' 창출을 위해 배터리 소재 공장을 세우는 방안을 추진합니다.<br/><br/>이르면 이달 말 구미시와 LG화학이 협약을 맺을 것으로 보입니다.<br/><br/>윤지혜 취재기자 연결합니다. <br/><br/>두번째 상생형 일자리 '구미형 일자리', 좀 더 구체적인 계획이 나왔군요?<br/><br/>[기자]<br/><br/>네, LG화학이 경북도와 구미시에 전기차 배터리 핵심소재인 양극재 공장을 짓겠다는 의견을 전달했습니다.<br/><br/>투자금액은 6천억원 정도가 될 것을 알려졌는데요.<br/><br/>양극재는 배터리의 용량과 출력 등을 결정하는 핵심 소재로, 생산원가의 40% 가량에 달해 배터리 산업에서 차지하는 비중이 큽니다.<br/><br/>[앵커] <br/><br/>원래는 구미형 일자리 공장에서 배터리 완성품 생산이 검토됐었잖아요?<br/><br/>[기자] <br/><br/>네, 경북도와 구미시는 미래산업의 전기차 핵심인 배터리 셀 공장 건설을 요구해왔습니다.<br/><br/>하지만 시장 수요와 기술 경쟁력 유지 등을 고려했을 때 LG는 배터리 셀보다는 소재 공급이 더 유리하다고 판단한 것으로 보고, 의견을 전달한 것으로 파악됩니다. <br/><br/>[앵커] <br/><br/>앞으로 일정은 어떻게 됩니까?<br/><br/>[기자] <br/><br/>LG화학이 사업 타당성 등을 검토한 뒤 이르면 이달 말 정식으로 협약을 체결할 계획입니다.<br/><br/>LG화학이 투자 규모와 시기를 확정하면 경북도, 구미시가 세금 감면과 부지 제공 등 투자 인센티브를 제시할 것으로 보입니다.<br/><br/>구미형 일자리는 광주형 일자리에 이은 두 번째 상생형 지역 일자리 모델로, 1000명 이상 직·간접 고용 효과가 예상되며 내년 1월 착공이 목표입니다.<br/><br/>SBSCNBC 윤지혜입니다.      <br/><br/>윤지혜 기자(wisdom@sbs.co.kr)<br/><br/> <br/><p>☞ 의견 있는 경제채널 SBSCNBC <a href=""http://www.sbscnbc.co.kr"" target=""_blank"">[홈페이지]</a></p><p>☞ 경제를 실험한다~ #머니랩 <a href=""https://tv.naver.com/moneylab"" target=""_blank"">[네이버 TV]</a> </p><p>저작권자 SBS플러스 &amp; SBS I&amp;M 무단전재-재배포 금지</p>
<!-- // 본문 내용 -->
</div>]",2019-06-10 13:21
8,naver_news,경제,"'출마설' 입 연 최종구…""국회의원 아무나 합니까""","[<div id=""articleBodyContents"">
<!-- 본문 내용 -->
<!-- TV플레이어 -->
<!-- // TV플레이어 -->
<script type=""text/javascript"">
// flash 오류를 우회하기 위한 함수 추가
function _flash_removeCallback() {}
</script>
<strong class=""media_end_summary"">""키코, 분쟁조정 대상인지 의문...지켜보겠다""<br/>""인터넷은행 심사방식 큰 변화없을 것""</strong><span class=""end_photo_org""><img alt="""" src=""https://imgnews.pstatic.net/image/003/2019/06/10/NISI20190610_0015283412_web_20190610112441_20190610124714259.jpg?type=w647""><em class=""img_desc"">【서울=뉴시스】박미소 기자 = 최종구 금융위원장이 10일 오전 서울 마포구 신용보증기금에서 열린 '마포혁신타운 착공식'에서 모두발언을 하고 있다. 2019.06.10.  misocamera@newsis.com</em></img></span>【서울=뉴시스】정옥주 이준호 기자 = 최종구 금융위원장이 최근 일각에서 제기되고 있는 총선 '출마설'을 일축했다.<br/><br/>최 위원장은 10일 서울 마포구 공덕동 신용보증기금 사옥에서 열린 '마포혁신타운 착공식'에서 '출마설'을 묻는 기자의 질문에 ""국회의원은 아무나 하느냐""고 반문했다. 최 위원장은 그동안 출마설과 관련한 질문에 대해 답변을 회피해 온 만큼, 이날 발언은 꾸준히 제기되는 출마설을 에둘러 부인한 것으로 풀이된다. <br/><br/>그는 ""국회의원 출마는 거기에 맞는 자질과 능력, 또 그런 의지가 있어야 할 수 있다""며 ""고위공무원을 했다고 다 길러 지는 것이 아니다""라고 강조했다.<br/><br/>최 위원장은 또 ""좀 전에 와디즈 대표가 금융위 사무관이 창업을 하면 창업 분위기가 조성되는 것이라 말했는데 만약 금융위를 그만두면 여기에 오고 싶다는 생각을 했다""며 ""기존 창업공간도 있지만 이곳이 개소를 하면 여기만큼 잘 갖춰진 곳을 없을 것 같다. 나이제한이 없다면 여기를 올 수 있으면 좋겠다""고 말했다. <br/><br/>이와 함께 최 위원장은 '키코(KIKO)'의 분쟁조정과 관련한 질문에 ""분쟁조정이라는 것이 나오면 당사자들이 받아들여야 하는데 어떻게 할 지 두고보겠다""며 ""분쟁조정 대상이 될 지에 대한 의문이 있는 것은 사실인데, 금감원이 시작했고 조만간 해본다니 어떻게 되는지 보겠다""고 말했다.<br/><br/>금융권에 따르면 금융감독원은 이달 중 분쟁조정위원회(분조위)에 키코 안건을 상정항 예정이다. 키코란 환율이 일정 범위 안에서 변동할 경우 미리 약정한 환율에 약정금액을 팔 수 있도록 한 파생금융상품을 말한다. 글로벌 금융위기 당시 국내에서 환율이 급등했을 때 은행과 키코 계약을 맺은 중소기업들이 큰 손실을 봤고 견실한 중견기업체가 환차손으로 흑자도산한 사례가 발생했다.  <br/><br/>분조위에서는 은행들의 키코 판매가 불완전판매에 해당되는지, 또 키코 사태로 피해를 본 기업들에 대한 보상비율 등을 결정할 것으로 전망된다. 하지만 분조위 결정은 '권고'일 뿐 강제성이 없기 때문에 이를 은행들이 수용할지 여부는 미지수다.<br/><br/>이에 대해 최 위원장은 ""제가 말씀드릴 문제는 아니고 (분조위 결정에 대한)수용 여부는 당사자들이 판단할 문제""라고 선을 그었다.<br/><br/>인터넷전문은행과 관련, 기존의 심사 틀을 유지할 것이라는 기존의 입장을 되풀이했다.<br/><br/>최 위원장은 ""(인터넷은행 심사 방식의)기존의 틀을 유지할 것""이라며 ""법적인 자격 요건은 국회가 논의하면 참여하고 평가 방식은 크게 바꾸지 않을 것""이라고 말했다.<br/><br/>channa224@newsis.com, Juno22@newsis.com<br/><br/><a href=""https://media.naver.com/channel/promotion.nhn?oid=003"" target=""_blank"">▶ 네이버에서 뉴시스 채널 구독하기</a><br/><br/><a href=""http://mobile.newsis.com/stock.html"" target=""_blank"">▶ 뉴시스 빅데이터 MSI 주가시세표 바로가기 </a><br/><br/>&lt;저작권자ⓒ 공감언론 뉴시스통신사. 무단전재-재배포 금지.&gt;
	<!-- // 본문 내용 -->
</div>]",2019-06-10 13:21
9,naver_news,경제,3기 신도시 계획에 전문가 대거 투입…교통 대책 등 분석,"[<div id=""articleBodyContents"">
<!-- 본문 내용 -->
<!-- TV플레이어 -->
<div class=""vod_area"">
<h4 class=""blind"">동영상 뉴스</h4>
<iframe _src=""/main/readVod.nhn?oid=055&amp;aid=0000737374"" allowfullscreen=""true"" frameborder=""0"" height=""363"" marginheight=""0"" marginwidth=""0"" title=""영상 플레이어"" width=""647""></iframe>
</div>
<!-- // TV플레이어 -->
<script type=""text/javascript"">
// flash 오류를 우회하기 위한 함수 추가
function _flash_removeCallback() {}
</script>
<strong>[경제 365]</strong><br/><br/>하남과 부천 등 3기 신도시의 자족 기능을 연구하고 계획을 수립하는 과정에 전문가 100여 명이 대거 투입됩니다.<br/><br/>우선 광역교통 개선대책 전문가들이 신규 택지 반경 20㎞ 지역의 교통 유발량과 교통 대책의 효과를 분석합니다.<br/><br/>앞서 신도시 일자리 창출에 대한 연구가 시작했고 폭염과 미세먼지 대응 등을 위한 계획도 수립될 예정입니다.<br/><br/>국토부는 다양한 분야에서 전문가들과 계획을 짜고 포럼 등을 통해 완성도를 높여 내년부터 지구 계획을 확정한다는 계획입니다.<br/><br/>----<br/><br/>정부가 맹견에 속하지 않는 개라도 공격성이 있다고 판단되면 입마개를 물리는 방안을 추진합니다.<br/><br/>농림축산식품부는 우선 개의 공격성을 평가하는 기준을 마련하기로 하고, 이를 위한 연구용역을 의뢰할 계획입니다.<br/><br/>현행 규정상 맹견에 속하는 개의 경우에만 외출 시 목줄과 입마개를 하게 돼 있어서 언제든 사고가 날 수 있다는 지적이 나오곤 했습니다.<br/><br/>---<br/><br/>5G 가입자가 이르면 이번 주 100만 명을 넘어설 것으로 보입니다.<br/><br/>당초 비싼 스마트폰 가격 때문에 확산이 더딜 것이라는 예측이 있었지만, 통신사들은 높은 공시지원금과 가입자 유치 장려금까지 대대적으로 풀면서 가입자를 빠르게 늘렸습니다.<br/><br/>하지만 여전히 신호 불통 등 서비스에 대한 불만 목소리는 사그라지지 않고 있습니다.<br/><br/>---<br/><br/>화웨이에 대한 미국의 무역 제재가 계속되면 삼성전자 글로벌 스마트폰 점유율이 올해와 내년 20% 중반대로 오를 것이라는 전망이 나왔습니다.<br/><br/>시장조사업체 스트래티지 애널리틱스는 미국 제재가 지속되면 삼성전자가 올해 스마트폰 3억 1천만 대를 출하해 23%의 점유율을 차지할 것으로 전망했습니다.<br/><br/>삼성전자 다음으로는 애플이 13.4%로 2위를 유지하고 화웨이가 12.1%로 3위를 기록할 것으로 전망됐습니다.  <br/><br/>엄민재 기자(happymj@sbs.co.kr)<br/><br/><a href=""https://news.sbs.co.kr/news/newsHotIssueList.do?tagId=10000042474&amp;plink=FOOT&amp;cooper=NAVER"">▶[하이라이트 영상] 2019 FIFA U-20 월드컵</a><br/><a href=""https://news.sbs.co.kr/news/contributor.do?plink=FOOT&amp;cooper=NAVER"">▶[인-잇] 사람과 생각을 잇다</a><br/><a href=""https://media.naver.com/channel/promotion.nhn?oid=055"">▶네이버 메인에서 SBS뉴스 구독하기</a><br/><br/>※ ⓒ SBS &amp; SBS Digital News Lab. : 무단복제 및 재배포 금지
	<!-- // 본문 내용 -->
</div>]",2019-06-10 13:21
10,naver_news,경제,"배터리 소송 확전…SK이노, LG에 국내서 맞소송","[<div id=""articleBodyContents"">
<!-- 본문 내용 -->
<!-- TV플레이어 -->
<div class=""vod_area"">
<h4 class=""blind"">동영상 뉴스</h4>
<iframe _src=""/main/readVod.nhn?oid=422&amp;aid=0000378578"" allowfullscreen=""true"" frameborder=""0"" height=""363"" marginheight=""0"" marginwidth=""0"" title=""영상 플레이어"" width=""647""></iframe>
</div>
<!-- // TV플레이어 -->
<script type=""text/javascript"">
// flash 오류를 우회하기 위한 함수 추가
function _flash_removeCallback() {}
</script>
	
	배터리 소송 확전…SK이노, LG에 국내서 맞소송<br/><br/>전기차 배터리 기술을 둘러싼 LG와 SK간 소송전이 국내서도 벌어지게 됐습니다.<br/><br/>SK이노베이션은 LG화학을 상대로 명예훼손에 따른 손해배상 청구 소송과 영업비밀 침해가 없었다는 내용의 채무부존재 확인 청구 소송을 국내 법원에 제기했다고 밝혔습니다.<br/><br/>SK이노베이션 측은 ""LG 측이 근거 없는 비난을 계속해 더 이상 묵과할 수 없다고 판단했다""며 소 제기 이유를 설명했습니다. <br/><br/>앞서 LG화학은 SK이노베이션이 자사의 배터리 기술 영업비밀을 침해했다며 미국 국제무역위원회와 델라웨어 연방법원에 소송을 냈습니다. <br/><br/>연합뉴스TV 기사문의 및 제보 : 카톡/라인 jebo23<br/><br/><a href=""http://media.naver.com/channel/promotion.nhn?oid=422""> ▶ 연합뉴스TV 네이버 채널 구독</a>  <a href=""https://www.youtube.com/channel/UCTHCOPwqNfZ0uiKOvFyhGwg/live"" target=""_blank""> ▶ 생방송 시청</a><br/><br/><a href=""http://m.yonhapnewstv.co.kr/specials/app_open"" target=""_blank""> ▶ 대한민국 뉴스의 시작, 연합뉴스TV 앱 다운받기</a><br/><br/>
<!-- // 본문 내용 -->
</div>]",2019-06-10 13:21
11,naver_news,사회,"'인간사육' 거부한 사람들... ""밖으로 나와라, 되게 좋다""","[<div id=""articleBodyContents"">
<!-- 본문 내용 -->
<!-- TV플레이어 -->
<!-- // TV플레이어 -->
<script type=""text/javascript"">
// flash 오류를 우회하기 위한 함수 추가
function _flash_removeCallback() {}
</script>
<strong>[포토] 탈시설 노숙투쟁 10주년을 맞은 마로니에 8인의 이야기</strong><br/><br/>[오마이뉴스 이희훈 기자]<br/><br/><table align=""center"" border=""0"" cellpadding=""0"" cellspacing=""0"" style=""MARGIN: 0px auto""><tbody><tr><td><span class=""end_photo_org""><img alt="""" src=""https://imgnews.pstatic.net/image/047/2019/06/10/0002229734_001_20190610131006332.jpg?type=w647""/></span> </td></tr><tr><td align=""left"" style=""FONT-SIZE: 11px; WIDTH: 600px; PADDING-BOTTOM: 3px; PADDING-TOP: 5px; LINE-HEIGHT: 15px""><b>▲ 탈시설 장애인 '마로니에 8인'</b> (왼쪽 위 부터) 김동림, 황정용, 김진수, 방상연, (왼쪽 아래 부터) 김용남, 주기옥, 홍성호, 하상윤 </td></tr><tr><td align=""left"" style=""FONT-SIZE: 11px"">ⓒ 이희훈</td></tr></tbody></table><br/> <br/>'마로니에 8인'이라고 불리는 사람들이 있다. 10년 전 같은 이유로 뭉친 이 8명은 입을 모아 자유를 말했다.  <br/><br/>이들은 자유가 무엇인지조차 모르고 살아왔던 시간은 인간의 존엄을 무시 당한 채 숨이 붙어 있어 마지 못해 사는 것이었다고 말한다.  <br/><br/>""인간답게 살기 위해"" 8명은 탈시설 투쟁을 시작했다. 스스로 자기 결정권을 누리며 사회 구성원이 되고자 하는 몸부림이었다. 시설을 떠난 뒤 서울시를 상대로 이어진 62일간의 노숙 투쟁. 휠체어에 앉아 오랜 시간을 견디고, 불편한 잠자리와 소음·더위를 이겨 내야 하는 힘든 시간이었다. 그러나 이들은 장애인 시설에서 무시당하고 고통 받았던 시간보다 스스로 결정할 수 있는 첫 경험이 소중하고 행복했다고 했다. <br/><br/>사회의 일원으로 산 지 이제 만 10년의 세월이 지났다. 그렇게 독립한 이들이 말하는 자유는 무엇일까? (관련기사 : 탈시설 운동 이끈 '마로니에 8인방' ""시설 폐쇄 위해 투쟁"" http://omn.kr/1jkqb)<br/><br/><strong><span class=""cssFont"" lor=""#333399"" style=""COLOR: #333399"">[김동림 / 57세, 지체장애] </span>빨리 죽으라고 했던 가족, 이제는 가족이 내가 사는 이유</strong><br/>  <table align=""center"" border=""0"" cellpadding=""0"" cellspacing=""0"" style=""MARGIN: 0px auto""><tbody><tr><td><span class=""end_photo_org""><img alt="""" src=""https://imgnews.pstatic.net/image/047/2019/06/10/0002229734_002_20190610131006364.jpg?type=w647""/></span> </td></tr><tr><td align=""left"" style=""FONT-SIZE: 11px; WIDTH: 400px; PADDING-BOTTOM: 3px; PADDING-TOP: 5px; LINE-HEIGHT: 15px""><b>▲ </b> 김동림 </td></tr><tr><td align=""left"" style=""FONT-SIZE: 11px"">ⓒ 이희훈</td></tr></tbody></table><br/>  <br/>김동림씨는 시설에 살 때 전국일주가 꿈이었다. 시설을 나와 여행을 하며 많은 사람을 만나고 싶었다. 간섭받지 않고 스스로 이동하며 여행을 다니고 싶었다. 텔레비전에서만 보던 곳곳을 직접 누비고 싶었다. <br/><br/>동림씨는 중학생이 되었을 때 유전으로 뇌위축증 증세가 나타나 더는 학교에 가지 못했다. 집에만 누워 있던 동림씨에게 아버지는 술만 마시면 습관적으로 ""저놈 빨리 죽어야지""라는 말을 반복했다. 가정의 불화가 깊어졌다. 때마침 텔레비전에서 활동적이고 다양한 친구들을 만날 수 있는 장애인 시설의 모습이 비쳤다. 그렇게 동림씨는 스스로 장애인 시설을 선택해 입소했다. 그러나 현실은 달랐다.  <br/>  <table align=""center"" border=""0"" cellpadding=""0"" cellspacing=""0"" style=""MARGIN: 0px auto""><tbody><tr><td><span class=""end_photo_org""><img alt="""" src=""https://imgnews.pstatic.net/image/047/2019/06/10/0002229734_003_20190610131006375.jpg?type=w647""/></span> </td></tr><tr><td align=""left"" style=""FONT-SIZE: 11px; WIDTH: 600px; PADDING-BOTTOM: 3px; PADDING-TOP: 5px; LINE-HEIGHT: 15px""><b>▲ </b> 첫키스는 미경씨가 먼저 동림씨에게 했다. 이 번에는 동림씨가 미경씨에게 다가갔다. </td></tr><tr><td align=""left"" style=""FONT-SIZE: 11px"">ⓒ 이희훈</td></tr></tbody></table><br/>   <table align=""center"" border=""0"" cellpadding=""0"" cellspacing=""0"" style=""MARGIN: 0px auto""><tbody><tr><td><span class=""end_photo_org""><img alt="""" src=""https://imgnews.pstatic.net/image/047/2019/06/10/0002229734_004_20190610131006383.jpg?type=w647""/></span> </td></tr><tr><td align=""left"" style=""FONT-SIZE: 11px; WIDTH: 600px; PADDING-BOTTOM: 3px; PADDING-TOP: 5px; LINE-HEIGHT: 15px""><b>▲ </b> 김동림씨와 아내 이미경씨는 추락방지 손잡이가 있는 침대에서 함께 잠을 잔다. 일인용 침대이지만 두 사람이 가깝게 있는 유일한 시간이다. </td></tr><tr><td align=""left"" style=""FONT-SIZE: 11px"">ⓒ 이희훈</td></tr></tbody></table><br/>   <table align=""center"" border=""0"" cellpadding=""0"" cellspacing=""0"" style=""MARGIN: 0px auto""><tbody><tr><td><span class=""end_photo_org""><img alt="""" src=""https://imgnews.pstatic.net/image/047/2019/06/10/0002229734_005_20190610131006394.jpg?type=w647""/></span> </td></tr><tr><td align=""left"" style=""FONT-SIZE: 11px; WIDTH: 600px; PADDING-BOTTOM: 3px; PADDING-TOP: 5px; LINE-HEIGHT: 15px""><b>▲ </b> 동림씨와 미경씨가 커플사진을 찍을 수 있는 유일한 자세라고 했다. 서로를 바라보는 순간 웃음이 터졌다. </td></tr><tr><td align=""left"" style=""FONT-SIZE: 11px"">ⓒ 이희훈</td></tr></tbody></table><br/> <br/>동림씨는 장애인 시설에서 오랜 시간을 보내며 가족과 단절된 삶을 살았다. 탈시설 후에도 가족이 그리웠지만 버림받았다는 마음에 가족을 찾고 싶지 않았다. 그런 동림씨에게 한 줄기의 사랑의 빛이 비치기 시작했다. 장애인 자립시설 평원재에서 지금의 아내 이미경씨와 '썸'을 타기 시작한 것. 두 사람은 사랑을 확인하고 함께 집을 얻어 부부가 되었다. <br/><br/>동림씨는 첫 키스의 기억을 더듬으며 ""내가 뽀뽀를 할 수 있을 거란 생각조차 못했는데, 아내가 가르쳐줬다""며 아내의 눈치를 살폈다. 두 사람의 얼굴엔 환한 웃음이 가득했다.  <br/><br/>동림씨는 꼭 하고 싶은 말이 있다고 했다. 바뀐 자신의 꿈이야기였다.<br/><br/><span class=""cssFont"" lor=""#996633"" style=""COLOR: #996633"">""제 꿈이 바뀌었어요. 이제 여행은 가고 싶을 때 얼마든지 갈 수 있어요. 앞으론 저보다 어려운 장애인이나 저처럼 탈시설을 원하는 장애인들을 돕고 상담하고 싶어요.""  </span><br/><br/><strong><span class=""cssFont"" lor=""#333399"" style=""COLOR: #333399"">[홍성호 / 65세, 지체 및 언어장애] </span>매맞던 시설 떠나 내집으로... 믿어준 형 고마워 </strong><br/>  <table align=""center"" border=""0"" cellpadding=""0"" cellspacing=""0"" style=""MARGIN: 0px auto""><tbody><tr><td><span class=""end_photo_org""><img alt="""" src=""https://imgnews.pstatic.net/image/047/2019/06/10/0002229734_006_20190610131006403.jpg?type=w647""/></span> </td></tr><tr><td align=""left"" style=""FONT-SIZE: 11px; WIDTH: 400px; PADDING-BOTTOM: 3px; PADDING-TOP: 5px; LINE-HEIGHT: 15px""><b>▲ </b> 홍성호 </td></tr><tr><td align=""left"" style=""FONT-SIZE: 11px"">ⓒ 이희훈</td></tr></tbody></table><br/> <br/>홍성호씨는 10년 전 탈시설 투쟁 당시 자신이 살 집을 얻고 싶고, 말을 못한다고 무시당하지 않고 싶다고 했다. 그 꿈은 현실이 됐다. 부족한 돈으로 이곳 저곳 옮겨 다니기도 했지만 활동지원사의 도움으로 거여동 행복주택에 당첨돼 쾌적하고 따뜻한 보금자리를 얻었다. 환갑잔치 때 큰형님네와 찍은 가족사진이 가장 눈에 잘 띄는 곳에 걸려 있고 장애인을 위한 보조장치도 곳곳에 마련되어 있다. <br/><br/>성호씨는 집이 너무 좋다는 말에 환한 표정으로 '여기서 살다가 죽을 거예요'라고 손짓 몸짓으로 표현했다.  <br/><br/>열여섯 중학생 시절, 성호씨는 친구들과 놀다가 추락사고로 머리를 다쳐 5년간 침대에 누워 지내다가 23세가 되던 해 병원을 나왔다. 병원 신세를 지는 동안 아버지가 돌아가셨다. 퇴원 후 3년이 지났을 땐 어머니마저 세상을 떠났다. 유일한 지지자였던 맏형이 성호씨 등 7남매를 돌봐야 할 상황이었다. 성호씨는 형의 결혼에 시설행을 선택했다.  <br/><br/>서른 살에 시작된 성호씨의 시설생활은 만만치 않았다. 상한 음식을 먹는 일이 허다해 설사가 잦았다. 술을 마셨다는 이유로 나체 상태로 몽둥이질을 당하기도 했다. 시설에서 지낸 17년간 성호씨는 장수연으로 불렸다. 시설장이 죽은 사람의 사망 신고를 하지 않고 장애급여를 몰래 빼돌려 부정수급한 것이다. 반복되는 고통 속에 형의 집으로 도망쳤지만 다시 붙잡혀와 매질을 당했다. 때문에 손목을 그어 극단적 선택을 하기도 했다. 밥도 제대로 먹지 못하고 반복되는 고통 속에서 성호씨는 '석암재단 생활인 인권쟁취를 위한 비상대책위원회(석암비대위)'와 함께 재단을 나와 자신의 삶을 위해 싸우기로 결심했다.  <br/><br/>성호씨는 탈시설로 자립한 뒤 자신의 이름으로 수급통장을 개설했다. 첫 생활 수급비를 받았을 때 감격스러움에 눈물을 흘리기도 했다. 그 돈으로 자신을 끝까지 믿어주고 지지해 준 형을 찾아가 술을 대접하고 용돈을 드렸다. 그리고 휴대폰을 샀다. 사람들과 소통할 수 있는 그 자체가 좋다고 했다.  <br/>  <table align=""center"" border=""0"" cellpadding=""0"" cellspacing=""0"" style=""MARGIN: 0px auto""><tbody><tr><td><span class=""end_photo_org""><img alt="""" src=""https://imgnews.pstatic.net/image/047/2019/06/10/0002229734_007_20190610131006412.jpg?type=w647""/></span> </td></tr><tr><td align=""left"" style=""FONT-SIZE: 11px; WIDTH: 600px; PADDING-BOTTOM: 3px; PADDING-TOP: 5px; LINE-HEIGHT: 15px""><b>▲ </b> 비리재단에 맞서 탈시설 노숙농성을 했던 '마로니에 8인' 홍성호씨는 서울 송파구 거여동 행복주택에 당첨되어 쾌적한 집에 머물 수 있게 됐다. </td></tr><tr><td align=""left"" style=""FONT-SIZE: 11px"">ⓒ 이희훈</td></tr></tbody></table><br/> <br/>현행법 상 만 65세가 되면 장애인 활동지원서비스를 받지 못하게 된다. 성호씨는 이 사실을 잘 알고 있다. 10년 전 62일간 싸워 스스로 살아갈 수 있는 환경에 가까워졌지만 또 다른 벽에 부딪히게 된 것이다. 하지만 성호씨는 다시 목숨 걸고 싸우겠다고 했다. 혼자는 안 되지만 같이 하면 할 수 있다고 했다. 자신만을 위해서가 아니라 모든 장애인이 인간답게 살 수 있는 사회로 변하기를 바라는 싸움이라고 했다.<br/><br/><strong><span class=""cssFont"" lor=""#333399"" style=""COLOR: #333399"">[김진수 / 70세, 지체장애] </span>장애로 가족과 이별... 탈시설 운동가가 되다</strong><br/>  <table align=""center"" border=""0"" cellpadding=""0"" cellspacing=""0"" style=""MARGIN: 0px auto""><tbody><tr><td><span class=""end_photo_org""><img alt="""" src=""https://imgnews.pstatic.net/image/047/2019/06/10/0002229734_008_20190610131006422.jpg?type=w647""/></span> </td></tr><tr><td align=""left"" style=""FONT-SIZE: 11px; WIDTH: 400px; PADDING-BOTTOM: 3px; PADDING-TOP: 5px; LINE-HEIGHT: 15px""><b>▲ </b> 김진수 </td></tr><tr><td align=""left"" style=""FONT-SIZE: 11px"">ⓒ 이희훈</td></tr></tbody></table><br/> <br/>김진수씨는 김포장애인자립생활센터장이다. 시설 장애인들이 자신처럼 탈시설을 통해 자립할 수 있도록 돕는다. 10년 전 시설을 나오며 자신보다 더 어려운 사람을 도우면서 자유롭고 행복하게 살고 싶다고 했다. 그 꿈꾸던 삶을 꾸준히 실현하는 중이다. <br/><br/>진수씨는 33살에 결혼해 두 딸을 둔 가장이었다. 유원지 수영장으로 가족여행을 갔다가 사고로 목뼈가 부러져 38살에 장애인이 되었다. 병원 입원 기간 동안 모아둔 재산을 소진하게 되었고 살던 집도 처분했다. 전세를 얻어 생활하던 중 짐을 싸 집을 나왔다. 딸들에게 ""아버지 병원 갔다가 다 나아서 꽃피면 올게""라는 말을 남기고 홀로 살이를 시작했다. <br/><br/>혼자 사는 생활은 쉽지 않았다. 욕창이 심해져 피부이식 수술을 하기도 했고 대소변도 엎드려 해결해야 했다. 결국 혼자 사는 생활을 포기하고 시설을 선택했다. ""나 좀 데려가 달라""고 직접 전화를 걸어 입소를 결심했다. <br/><br/>진수씨의 삶은 사고 이후 완전히 달라졌다. 같은 장애인들의 인권과 자립을 위해 인생을 바치고 있다. 장애인 등급제 완전 폐지, 부양의무자 진짜 폐지, 수용시설 완전 폐지를 목표로 싸우고 있다. 진수씨의 구체적 목표는 복지부 예산을 확충하고 체험홈을 늘려 탈시설 장애인들이 사회에서 행복하게 살게 돕는 것이다. <br/><br/><span class=""cssFont"" lor=""#333399"" style=""COLOR: #333399""><strong>[황정용 / 61세, 지체장애] </strong></span><strong>택배처럼 시설에 배달... 시설비리와 싸우다 탈시설하다</strong><br/>  <table align=""center"" border=""0"" cellpadding=""0"" cellspacing=""0"" style=""MARGIN: 0px auto""><tbody><tr><td><span class=""end_photo_org""><img alt="""" src=""https://imgnews.pstatic.net/image/047/2019/06/10/0002229734_009_20190610131006430.jpg?type=w647""/></span> </td></tr><tr><td align=""left"" style=""FONT-SIZE: 11px; WIDTH: 400px; PADDING-BOTTOM: 3px; PADDING-TOP: 5px; LINE-HEIGHT: 15px""><b>▲ </b> 황정용 </td></tr><tr><td align=""left"" style=""FONT-SIZE: 11px"">ⓒ 이희훈</td></tr></tbody></table><br/>  <br/>황정용씨는 국민학생 시절 지팡이를 짚고 걸었다. '절뚝발이'라고 놀림을 받아 학교 가기가 싫었다. 아버지는 도장 파는 일과 시계 수리 일을 하셨다. 4학년이 되던 해 학교를 그만두고 기술을 배웠다. 섬소년이었던 정용씨는 뭍에 있는 고등학교 진학을 포기했고 아버지가 일찍 돌아가신 탓에 가장이 되었다.  <br/><br/>도장을 파서 번 돈과 장애 수당으로 장애가 있는 어머니와 여동생, 나머지 4명의 동생이 고등학교를 마치고 자립할 수 있을 때까지 도왔다. 하지만 2003년 어머니가 돌아가신 후 삶을 놓아 버리고 술로 시간을 보냈다. 그러던 어느 날 택배를 하던 막냇동생이 차에 태우더니 시설에 놓고 떠났다. <br/><br/>시설에 머물던 정용씨는 재단의 비리를 알게 됐다. 장애수당이 인상됐으나 받지 못하고 있다는 걸 알고 원장에게 요구해 받아냈다. 장애인 시설의 친인척 비리, 인권 침해, 장애인 무시 등 비합리적인 모습을 참을 수 없어 투쟁에 참여한 뒤 시설을 떠나기로 결심했다.<br/><br/><span class=""cssFont"" lor=""#996633"" style=""COLOR: #996633"">""시설이 싫어요 시설 사람들이 보기도 싫고 거기서 살기도 싫어요 집이라도 있으면 점포라도 얻어서 기술을 살려보고 싶어요."" </span><br/><br/>2009년 노숙 농성을 시작한 정용씨는 많은 활동가와 탈시설 노숙농성을 도와주는 사람들을 만났다. ""누구도 우리를 이용하려 하지 않고 많은 힘을 보태줬다."" 그동안 장애인으로 살며 받은 차별에 대한 적대심이 한층 낮아졌다. <br/><br/>10년이 지난 지금도 정용씨는 많은 사람을 만나고 다양한 일을 겪는다. 여전히 사람을 믿고 만나는 일이 쉽지 않지만 탈시설을 통해 농성하며 만난 사람들과 항상 반겨주는 사람이 있다는 사실이 감사하다고 했다. <br/><br/><span class=""cssFont"" lor=""#333399"" style=""COLOR: #333399""><strong>[방상연 / 48세, 지체장애] </strong></span><strong> 꿈을 향한 독립... 밖으로 나와라, 되게 좋다</strong><br/>  <table align=""center"" border=""0"" cellpadding=""0"" cellspacing=""0"" style=""MARGIN: 0px auto""><tbody><tr><td><span class=""end_photo_org""><img alt="""" src=""https://imgnews.pstatic.net/image/047/2019/06/10/0002229734_010_20190610131006439.jpg?type=w647""/></span> </td></tr><tr><td align=""left"" style=""FONT-SIZE: 11px; WIDTH: 400px; PADDING-BOTTOM: 3px; PADDING-TOP: 5px; LINE-HEIGHT: 15px""><b>▲ </b> 방상연 </td></tr><tr><td align=""left"" style=""FONT-SIZE: 11px"">ⓒ 이희훈</td></tr></tbody></table><br/>  <br/>외할아버지 손에 자라던 방상연씨는 할아버지의 건강 문제로 열 살에 시립아동병원으로 갔다. 지체장애가 있던 상연씨는 버려졌다는 생각에 슬픈 나날을 보냈지만, 그래봤자 소용없다는 사실을 알게 되었고 웃음을 찾으려 노력했다.  <br/><br/>많이 먹으면 대소변 처리가 어렵다는 이유로 배식을 적게 받았다. 어린이날 단 하루만 배불리 먹을 수 있었다. 또래 입소자들은 나무를 먹기도 하고 비닐, 천 조각까지도 먹었다고 했다. <br/><br/>스무 살이 되어 성인들이 있는, 석암재단이 운영하는 시설로 옮겼다. 그곳에서도 역시 먹고 자고 싸고 텔레비전 보는 생활이 반복됐다. 작은 실수에도 폭언과 욕설이 계속되자 왜 이렇게 살아야 하는지 자문하게 되었다. <br/><br/>상연씨는 배움의 욕구가 컸다. 컴퓨터, 글씨, 수화 등을 배웠지만 시설 내에서는 아무 쓸모가 없었다. 영화감독의 꿈을 가지고 비디오 촬영, 영상 편집, 인터뷰도 해보고 싶다고 요구했지만 단번에 거절당했다. <br/><br/>하고 싶은 일을 무조건 하지 말라고 하는 곳에서 자유로울 수 없다는 생각에 시설을 떠날 결심을 하게 됐다. ""장애인도 비장애인도 모두 평등한 세상을 위해 이 사회를 완전히 바꾸고 싶다."" 그는 집 구하기, 여행, 콘서트, 영화관람 등 소소한 바람과 무엇보다 직장에서 일하고 싶다는 마음에 탈시설을 감행했다. <br/><br/>상연씨는 지금 먹고 싶은 거 마음껏 먹고, 야학에서 공부할 수 있는 자유가 너무 좋다고 한다. <br/><br/>무엇보다 탈시설이 가져다준 가장 큰 행복은 결혼이다. 지금의 아내 안정란씨를 만나 가족을 이뤘다. 탈시설을 바라는 장애인들에게 상연씨는 ""내가 밖에 나가면 무엇을 하겠냐는 생각을 많이 했지만 세상에 나와 사람들을 만나며 생각이 넓어졌다. 밖으로 나와라, 되게 좋다""라는 말을 남겼다. <br/><br/><span class=""cssFont"" lor=""#333399"" style=""COLOR: #333399""><strong>[하상윤 / 48세, 지체장애] </strong></span><strong>존중받지 못하는 시설 떠나 연인과 함께 새 삶을</strong><br/>  <table align=""center"" border=""0"" cellpadding=""0"" cellspacing=""0"" style=""MARGIN: 0px auto""><tbody><tr><td><span class=""end_photo_org""><img alt="""" src=""https://imgnews.pstatic.net/image/047/2019/06/10/0002229734_011_20190610131006447.jpg?type=w647""/></span> </td></tr><tr><td align=""left"" style=""FONT-SIZE: 11px; WIDTH: 400px; PADDING-BOTTOM: 3px; PADDING-TOP: 5px; LINE-HEIGHT: 15px""><b>▲ </b> 하상윤 </td></tr><tr><td align=""left"" style=""FONT-SIZE: 11px"">ⓒ 이희훈</td></tr></tbody></table><br/>  <br/>가족들과 함께 생활하던 상윤씨는 부모가 양육을 포기해 10살에 시설에 보내졌다. 입소를 반대했던 어머니는 아들을 찾아와 목욕을 시켜주기도 했고 음식을 싸오기도 했지만 열여섯 살 되던 해 발길이 끊겼다. 뒤늦게 어머니가 중풍으로 돌아가셨다는 걸 듣게 됐다.  <br/><br/>성인이 되어 석암시설에 입소했다. 상윤씨는 시설생활이 고통스러웠다. 자신 뿐만 아니라 타인의 배변활동 모습이 노출되고 한 방에 여러명이 수용되어 혼자만의 생활을 할 수 없다는 것 자체가 힘들었다.<br/><br/>상윤씨는 ""프라이버시도 전혀 없고 혼자 있고 싶어도 전혀 그럴 수 없다""며 탈시설을 결심하게 됐다. <br/><br/>상윤씨는 시설에서는 금지됐던 사랑도 시작했다. 탈시설 2년 후 만나게 된 여자친구와 8년째 사귀고 있다. 가족과 단절 되었지만 가족의 재산때문에 장애 수당 등록에도 어려움을 겪었다. 하지만 지금 상윤씨는 장밋빛 인생을 살고 있다. 여자친구와 함께 쇼핑을 하기도하고 영화를 보기도 한다. <br/><br/>꿈꿔왔던 귀금속 공예는 아니지만 컴퓨터로 문서 작성법을 배우기도 한다. 상윤씨는 한겨레신문 인터뷰에서 ""컴퓨터를 배울 때 제일 자유로움을 느낀다""며 ""자격증을 따 현수막 디자이너가 되고 싶다. 현수막 공장을 차리고 싶다""고 했다. <br/><br/><span class=""cssFont"" lor=""#333399"" style=""COLOR: #333399""><strong>[김용남-주기옥, 61-73세 지체장애 부부] </strong></span><br/><strong>교통사고로 후 시설에 보내진 용남씨, 올림픽 개최로 시설로 보내진 기옥씨</strong><br/>  <table align=""center"" border=""0"" cellpadding=""0"" cellspacing=""0"" style=""MARGIN: 0px auto""><tbody><tr><td><span class=""end_photo_org""><img alt="""" src=""https://imgnews.pstatic.net/image/047/2019/06/10/0002229734_012_20190610131006455.jpg?type=w647""/></span> </td></tr><tr><td align=""left"" style=""FONT-SIZE: 11px; WIDTH: 400px; PADDING-BOTTOM: 3px; PADDING-TOP: 5px; LINE-HEIGHT: 15px""><b>▲ </b> 김용남 </td></tr><tr><td align=""left"" style=""FONT-SIZE: 11px"">ⓒ 이희훈</td></tr></tbody></table><br/>  <br/>김용남씨는 31살 때 서울 용산에서 교통사고를 당해 장기간 중환자실에서 치료를 받던 중 일반병실로 옮겨졌다. 그 병실은 석암재단에서 운영하는 병실이었다. 두달 정도 후 병원 관계자가 돈이 많이 든다는 이유로 석암재단 시설로 옮길 것을 권유했다. 돌봐 줄 가족들이 없어 시설 입소를 결정하게 되었다. <br/><br/>시설에 사는 동안 용남씨는 부모님 제사와 묘를 한번도 가보지 못했다며 원통해 했다. 시간이 많이 흘러 형제들과도 연락이 끊겼다. 한 방에 열명 정도 수용하는 곳에서 생활했던 용남씨는 인간 사육을 당하는 기분이라고 했다. 인간으로 존엄을 지키며 살아가고자 탈시설을 결심했다. <br/><br/>용남씨는 장애인과 비장애인이 함께 사는 공동체를 꿈꿨다. 지역사회의 구성원으로 함께 사는 그런 지역사회를 만들어가고 싶었다. <br/>  <table align=""center"" border=""0"" cellpadding=""0"" cellspacing=""0"" style=""MARGIN: 0px auto""><tbody><tr><td><span class=""end_photo_org""><img alt="""" src=""https://imgnews.pstatic.net/image/047/2019/06/10/0002229734_013_20190610131006463.jpg?type=w647""/></span> </td></tr><tr><td align=""left"" style=""FONT-SIZE: 11px; WIDTH: 400px; PADDING-BOTTOM: 3px; PADDING-TOP: 5px; LINE-HEIGHT: 15px""><b>▲ </b> 주기옥 </td></tr><tr><td align=""left"" style=""FONT-SIZE: 11px"">ⓒ 이희훈</td></tr></tbody></table><br/>  <br/><br/>주기옥씨의 어머니는 기옥씨가 세살 때 동생을 낳다 돌아가셨다. 형제들도 다 죽었다. 아버지는 새 가정을 꾸렸고, 기옥씨는 할아버지에게 보내졌다.<br/><br/>성인이 된 기옥씨는 교회에서 소개 받은 남자와 대전에서 생활하다 가정폭력에 시달려 도망나왔다. 대전역에서 노숙하며 배회하던 중 숙식을 제공하겠다는 여관에 따라가 죽도록 일만 했다. 그 마저도 10년간 돈을 주지 않아 기차를 타고 서울역으로 도망쳤다. 그곳에서 껌팔이를 하며 노숙생활을 하던 중 88올림픽 개최로 장애인 시설에 보내지게 되었다.<br/><br/><span class=""cssFont"" lor=""#996633"" style=""COLOR: #996633"">""갓난아기 봐주는 일하면서 산이나 들 구경다니고 싶어, 시설에서 20년을 썩었더니 삶이 지옥 같아."" </span><br/><br/>기옥씨는 마로니에 8인중 유일한 여성이다. 23년 동안 시설에 있으면서 한번도 자유롭게 나가보지 못하고 살았다면서 원통해했다. 먹고 싶은 거 먹으면서 지시 받지 않고 자유롭게 살고 싶었다.  <br/>  <table align=""center"" border=""0"" cellpadding=""0"" cellspacing=""0"" style=""MARGIN: 0px auto""><tbody><tr><td><span class=""end_photo_org""><img alt="""" src=""https://imgnews.pstatic.net/image/047/2019/06/10/0002229734_014_20190610131006472.jpg?type=w647""/></span> </td></tr><tr><td align=""left"" style=""FONT-SIZE: 11px; WIDTH: 600px; PADDING-BOTTOM: 3px; PADDING-TOP: 5px; LINE-HEIGHT: 15px""><b>▲ </b> 김용남씨와 주기옥씨는 탈시설 노숙투쟁을 했던 마로니에8인 출신 부부다. </td></tr><tr><td align=""left"" style=""FONT-SIZE: 11px"">ⓒ 이희훈</td></tr></tbody></table><br/> <br/>용남씨와 기옥씨는 부부다. 석암비대위 투쟁을 하며 사랑을 꽃피웠고 현재 서울 강남구 수서동 임대주택에서 지내고 있다.<br/><br/><strong>탈시설 장애인의 여전한 꿈</strong><br/><br/>마로니에 8인. 시설을 떠나고 싶은 이유는 조금씩 달랐지만 사람으로서 대우 받고 꿈을 이루고 싶다는 간절함은 똑같았다.  <br/><br/>시설 생활로 단절된 가족관계가 회복되기도 하고 잃어버린 삶의 의미도 되찾았다. 무엇보다 이들은 과거 자신과 같은 처지에 놓인 이들의 자립을 돕고 싶어 한다.  <br/><br/>그리고 국가와 지방자치단체를 상대로 실질적 장애인등급제 폐지, 부양의무제 폐지를 위해 함께 싸우고 있다. 장애인등급제가 올해 7월 폐지되기는 하나 장애인 인권 단체 등은 예산 확대 없는 장애인등급제 폐지는 폐지가 아니라고 주장하고 있다. 특히 장애등급제 대신 도입되는 '서비스지원 종합조사'가 되려 장애인의 요구를 수용하지 못하고 장애유형별 갈등을 초래한다는 것이다.<br/><br/>트럭 한가득 짐을 싣고 나와 자유를 꿈꾸며 투쟁을 시작했던 탈시설 장애인 마로니에 8인의 10년 전 꿈은 여전히 유효하다. <br/><br/>저작권자(c) 오마이뉴스(시민기자), 무단 전재 및 재배포 금지<br/><br/><a href=""http://www.ohmynews.com/NWS_Web/company/guide_main.aspx?utm_source=naver&amp;utm_medium=news_bottom_outlink&amp;utm_campaign=main#section1"" target=""_blank""><b>▶오마이뉴스에서는 누구나 기자가 될 수 있어요</b></a><br/><a href=""https://media.naver.com/channel/promotion.nhn?oid=047&amp;otherbrowser=1 "" target=""_blank""><b>▶네이버에서 오마이뉴스 채널을 구독하세요</b></a><br/><a href=""http://naver.me/xqxk53H0"" target=""_blank""><b>▶끝나지 않은 싸움 &lt;4대강 부역자와 저항자들&gt;</b></a>
<!-- // 본문 내용 -->
</div>]",2019-06-10 13:21
12,naver_news,사회,'허블레아니호 인양' 임박…남은 실종자 7명 어디에,"[<div id=""articleBodyContents"">
<!-- 본문 내용 -->
<!-- TV플레이어 -->
<!-- // TV플레이어 -->
<script type=""text/javascript"">
// flash 오류를 우회하기 위한 함수 추가
function _flash_removeCallback() {}
</script>
<strong class=""media_end_summary"">1주일간 한국인 시신 12구 수습…실종자 7명<br/>탑승객 선체 있을 가능성 높지만 장담 어려워<br/>선체 수색선 3구만…대부분 현장 떨어져 발견</strong><span class=""end_photo_org""><img alt="""" src=""https://imgnews.pstatic.net/image/003/2019/06/10/NISI20190609_0015280541_web_20190609155336_20190610130101484.jpg?type=w647""><em class=""img_desc"">【부다페스트(헝가리)=뉴시스】추상철 기자 =본격 선체 인양이 임박한 지난 9일 오전(현지시각) 헝가리 부다페스트 다뉴브강 유람선 침몰 사고현장에서 인양선 클라크 아담호를 비롯한 인양작업에 동원될 선박 사이로 헝가리 인양 관계자가 인양준비작업을 하고 있다. 2019.06.09.   scchoo@newsis.com</em></img></span>【서울=뉴시스】안채원 기자 = 헝가리 부다페스트 다뉴브강에서 침몰한 허블레아니호 인양이 이르면 10일(이하 현지시간) 오후 시작되는 가운데, 선체 안에서 실종자들을 모두 발견할 수 있을지 관심이 쏠린다.<br/><br/>우리 정부합동신속대응팀과 헝가리 당국은 지난 3일부터 전날까지 이뤄진 수색 과정에서 총 12명의 실종 한국인 탑승객 시신을 수습했다. 이로써 총 33명의 한국인 탑승객 중 사고 직후 19명으로 시작했던 실종자는 7명으로 줄었고, 신원이 확인된 사망자가 7명에서 19명으로 늘었다. 생존자는 7명이다.<br/><br/>대응팀은 남은 실종자 대부분이 선실 내 있을 것으로 기대하고 있다. 사고 당일 부다페스트에 폭우가 내렸기 때문에 이 비를 피해 탑승객들이 선실 안에 머물렀을 것이란 추정이 가능하기 때문다.<br/><br/>하지만 인양 시 선체 내부에서 실종자들을 모두 발견할 수 있을 것이라고 단언할 수도 없는 게 현실이다.<br/><br/>지금까지 수색을 통해 추가 수습된 시신 12명 중 선체에서 발견된 시신은 3구 뿐이다. <br/><br/>지난 3일 배의 좌측 선미 쪽에서 50대 한국인 여성 시신 1구가 잠수요원의 몸에 닿아 수습됐다. 4일에는 선체 문 유리 사이에 끼어 몸 절반이 걸쳐져 있던 20대 한국인 남성의 시신을 헝가리 잠수사가 수습했다. 지난 5일에는 60대 한국인 남성의 시신이 선미 네번째 유리창에서 팔이 끼어있는 채로 발견됐다.<br/><br/><span class=""end_photo_org""><img alt="""" src=""https://imgnews.pstatic.net/image/003/2019/06/10/NISI20190609_0015280874_web_20190609184636_20190610130101497.jpg?type=w647""><em class=""img_desc"">【부다페스트(헝가리)=뉴시스】추상철 기자 =지난 9일 오전(현지시각) 헝가리 부다페스트 다뉴브강 유람선 침몰 사고현장 위 바지선에서 대한민국 정부 신속 대응팀과 헝가리측 관계자가 인양 리허설 준비를 하고 있다. 2019.06.09.   scchoo@newsis.com</em></img></span>이 3명을 제외한 시신은 선체가 아닌 사고 현장에서 벗어난 곳에서 수습됐다. 침몰 지점에서 떠올라 수습되는 경우도 있었지만 대부분 가깝게는 4㎞, 멀게는 132㎞가량 떨어진 곳에서 발견됐다.<br/><br/>또 외교부는 사고 초기 사고 선박 주변에 있던 목격자 진술에 따라 탑승객들이 대부분 갑판 위에 있었을 것이라고 봤다. <br/><br/>수색 작업을 지연시킬 만큼 빨랐던 유속 탓에 실종자들이 최대 500~600㎞ 떠내려가 세르비아 국경을 넘었으리라는 추정까지 나와 세르비아 당국에 수색작업을 요청하기도 했다. 남은 실종자 전원의 선체 내 발견 가능성을 마냥 확신할 수 없는 이유다.<br/><br/>전날 인양 계획을 발표한 대응팀 구조대장 송순근 육군대령은 ""마음은 (남은 실종자가) 배 안에 다 계시면 좋겠으나 현 단계에서는 예단하기 어렵다""고 했다.<br/><br/>인양을 앞두고 정부합동신속대응팀과 헝가리 당국은 유실가능성 방지 작업에 힘을 쏟고 있다. 헝가리 당국은 앞서 창문과 손상된 출입문에 그물망과 유실방지용 바를 설치했다. 또 인양 중간 선체에서 빠져나오는 실종자를 구조하기 위해 선박 여러 척이 배치될 예정이다.<br/><br/>선체 수색 작업은 선박이 바지선에 배치되면 시작될 전망이다. 대형크레인 '클라크 아담'이 배를 들어 올리면 배 앞머리인 조타실에 있을 것으로 추정되는 헝가리인 선장을 찾기 위해 헝가리 측 대원이 먼저 선내에 진입할 예정이다. 이후 창고가 있는 선미 쪽 창문을 깨고 물을 빼낸 뒤, 어느 정도 빠지면 우리 대원 2명도 선체 내부로 진입해 시신 수습 등에 나선다.<br/><br/>newkid@newsis.com<br/><br/><a href=""https://media.naver.com/channel/promotion.nhn?oid=003"" target=""_blank"">▶ 네이버에서 뉴시스 채널 구독하기</a><br/><br/><a href=""http://mobile.newsis.com/stock.html"" target=""_blank"">▶ 뉴시스 빅데이터 MSI 주가시세표 바로가기 </a><br/><br/>&lt;저작권자ⓒ 공감언론 뉴시스통신사. 무단전재-재배포 금지.&gt;
	<!-- // 본문 내용 -->
</div>]",2019-06-10 13:21
13,naver_news,사회,"""진주 방화 살인사건이 저희 건물에서 일어날 듯 합니다"" 청원 화제","[<div id=""articleBodyContents"">
<!-- 본문 내용 -->
<!-- TV플레이어 -->
<!-- // TV플레이어 -->
<script type=""text/javascript"">
// flash 오류를 우회하기 위한 함수 추가
function _flash_removeCallback() {}
</script>
	
	조현병으로 추정되는 남자가 폐쇄형회로(CC)TV를 부수고 난동을 피우는 등 진주 방화 살인사건이 일어나기 전과 매우 흡사하다며 도움을 요청한 청와대 국민청원글이 주목을 받고 있다.<br/><br/><span class=""end_photo_org""><img alt="""" src=""https://imgnews.pstatic.net/image/023/2019/06/10/2019061001459_0_20190610130004697.png?type=w647""><em class=""img_desc"">청와대 국민청원 게시판에 올라온 글. /청와대 국민청원 게시판 홈페이지 캡쳐</em></img></span><br/>자신을 아이 4명을 둔 부모라고 밝힌 청원인은 10일 청와대 국민청원 게시판에 ‘진주 방화 살인사건이 조만간 저희 건물에서 일어날 것 같습니다’라는 제목의 글을 게재하고 ""얼마 전 진주에서 일어난 살인사건이 저희 건물에서도 일어날 수 있을 것 같아 너무 불안하다""고 했다.<br/><br/>청원인은 ""저희 건물에는 총 4가구가 살고 있다""며 ""1층에는 24개월 된 딸, 7살 아들, 10살 딸, 14살 딸과 제가 살고 있고 2층에는 한 부모 가족 두 가구가 있었고 얼마 전에는 남자 한 명이 이사를 왔다. 그 남자인 A씨가 이사를 온 후에 많은 일들이 생겼다""고 했다.<br/><br/>청원인은 ""A씨는 건물에 설치돼 있는 CCTV가 본인을 감시하기 위해 설치한 것이 분명하다며 훼손을 했다""며 ""제물손괴로 신고를 했고 총 6차례에 걸쳐 훼손을 했다. 훼손 장면 모두 녹화돼 있고 지금 현재 나머지 카메라는 (또 부서질까봐) 모두 벽을 향해 있다""고 했다.<br/><br/>이어 ""A씨는 2층에 살고 있는 한 가구에 마약사범이 살고 이 건물에 있는 사람들을 감금하고 폭행을 하고 마약을 투약하게 한다고 허위 신고를 해 경찰에게 건물 주민 모두 마약 검사를 받았다""며 ""남자는 벌금형으로 고작 몇 만원의 벌금을 냈다""고 했다.<br/><br/>청원인은 ""건물 앞에 세워놓은 차의 번호를 알아내 전화와 카톡은 물론 카카오스토리까지 모든 사생활을 감시하고 있다""며 ""아무 의미 없는 본인의 전화녹음 내용을 카카오톡으로 보내기도 하고 본인 카카오스토리에 저희의 이름을 올려놓고 ‘자기를 남자로 봐달라’며 ‘여자는 남자 없이 살아도 남자는 그럴 수 없다’고 20살 차이 나는 제게 성적인 발언도 서슴치 않게 했다""고 했다.<br/><br/>이어 ""본인은 정부 공무원들을 불신하고 진주에서부터 창원에 오기까지 자신의 피해를 주장하며 타인에게 피해를 준 것은 개의치 않아 한다""며 ""경찰에게는 본인이 억울하다며 목숨 걸고 저희 건물 여자들을 지키고 진실을 밝히겠다면서 저희 주민들에게 전화를 걸고 있다. 매번 경찰에 신고를 하고 아파트 관리하는 곳에 민원을 넣고 신변보호도 요청했지만 모두 두려움에 떨고 있다""고 했다.<br/><br/>청원인은 ""듣기로는 조현병 때문에 현재 정신건강증진센터에서 A씨에 대해 확인은 가끔한다고 하지만 약을 계속 먹는지는 확인할 방법이 없다고 한다""며 ""진주에서 방화 살인사건이 나기 전에 일어났던 모든 일들이 똑같이 저희 건물에서 일어나고 있다. 하지만 모두 A씨를 어르고 달래기만 하고 미친사람 상대해봐야 소용 없다며 저희에게 이사를 권유한다""고 했다.<br/><br/>이어 ""개인정보 보호 때문에 A씨가 조현병이라고 저희 세입자들에게 조심하라고 말해주는 기관 하나 없다""며 ""저희들이 범죄 피해자가 되지 않기를 도와달라. 도움을 요청한다""고 했다.<br/><br/>[안별 기자 <a href=""mailto:newsflash@chosunbiz.com"">newsflash@chosunbiz.com</a>]<br/><br/><br/><br/>- Copyrights ⓒ 조선일보 &amp; chosun.com, 무단 전재 및 재배포 금지 -	<br/> <br/>			[<a href=""https://media.naver.com/channel/promotion.nhn?oid=023"" target=""_blank"">네이버 메인에서 조선일보 받아보기</a>]<br/>	[<a href=""http://www.chosun.com"" target=""_blank"">조선닷컴 바로가기</a>]<br/>	[<a href=""http://members.chosun.com/subscription/appendMobile.jsp"" target=""_blank"">조선일보 구독신청하기</a>] <br/>
<!-- // 본문 내용 -->
</div>]",2019-06-10 13:21
14,naver_news,사회, 105명 취업 알선…부산항운노조 취업·승진 비리 ,"[<div id=""articleBodyContents"">
<!-- 본문 내용 -->
<!-- TV플레이어 -->
<!-- // TV플레이어 -->
<script type=""text/javascript"">
// flash 오류를 우회하기 위한 함수 추가
function _flash_removeCallback() {}
</script>
<b>검찰, 돈받고 취업·승진시켜준 혐의로 <br/> 전 노조위원장 등 16명 무더기 구속<br/></b><br/><br/><span class=""end_photo_org""><img alt="""" src=""https://imgnews.pstatic.net/image/028/2019/06/10/0002456851_001_20190610125534396.JPG?type=w647""/></span>  검찰이 조직적으로 취업·승진 장사를 해온 부산항운노조의 비리를 밝혀내고 전 노조위원장 등 31명을 무더기로 기소했다.<br/><br/>  부산지검 특수부(부장 박승대)는 10일 배임수재·사기·업무방해 혐의로 부산항운노조 전 위원장 ㄱ(53)씨를 구속했다고 밝혔다. 또 비리로 수감된 항운노조 위원장에게 편의를 제공하고, 돈을 받아 챙긴 혐의(뇌물수수 및 알선수재 등)로 국가인권위원회 간부 ㄴ(55)씨를, 횡령 등 혐의로 일용직 공급업체 실질 업주 ㄷ(57)씨 등 15명을 각각 구속기소하고 15명은 불구속 기소했다.<br/><br/>  ㄱ씨 등은 2013년 7월부터 지난 1월까지 친인척과 지인 등 135명을 조합원인 것처럼 꾸며 인사위원회 업무를 방해하고, 이 가운데 105명을 부산신항에 추천해 채용을 방해한 혐의를 받고 있다. ㄱ씨는 또 2008년 1월부터 2014년 5월까지 노사 단체교섭에서 보장받은 조합원 연금보험을 보험설계사인 아내를 통해 가입하도록 만들어 수당 4000여만원을 챙긴 혐의도 사고 있다.<br/><br/>  ㄴ씨는 2012년 8월 국가인권위원회 부산사무소장으로 일하면서 비리혐의로 수감된 전 항운노조 위원장의 특별면회 등 편의를 알선하고, 전 항운노조 위원장이 가석방되자 사례금 명목으로 3000만원을 받은 혐의도 받고 있다. 지난해 2월에는 항운노조 지부장에게 지인의 취업을 부탁하며 300만원을 건넨 혐의도 받고 있다. ㄷ씨 등은 일용직 노무공급에 관한 독점적 지위 유지 등 청탁과 함께 일용직 공급업체 운영자한테서 3억7000만원을 받은 혐의를 받고 있다.<br/><br/>  검찰 관계자는 “항운노조의 비리를 부산해양수산청 등 감독기관에 통보할 예정이다. 실효적인 재발 방지책이 마련되길 기대한다”고 말했다.<br/><br/> 부산/김영동 기자 ydkim@hani.co.kr<br/> <br/><br/> <a href=""https://media.naver.com/channel/promotion.nhn?oid=028"">[▶네이버 메인에서 한겨레 받아보기]</a><br/> <a href=""http://nuri.hani.co.kr/hanisite/mobile/index.html"">[▶한겨레 정기구독]</a> <a href=""http://www.hani.co.kr/arti/SERIES/1163/home01.html"">[▶영상 그 이상 ‘영상+’]</a><br/><br/><br/>[ⓒ한겨레신문 : 무단전재 및 재배포 금지]<br/><br/>
<!-- // 본문 내용 -->
</div>]",2019-06-10 13:21
15,naver_news,사회,현직 경찰서장 '함바 비리 유상봉' 관련 경찰 조사…혐의 부인,"[<div id=""articleBodyContents"">
<!-- 본문 내용 -->
<!-- TV플레이어 -->
<!-- // TV플레이어 -->
<script type=""text/javascript"">
// flash 오류를 우회하기 위한 함수 추가
function _flash_removeCallback() {}
</script>
<strong class=""media_end_summary"">유상봉, 지난해 11월 유현철 분당경찰서장 고발…""2008년~2010년 뇌물 받아""<br/>유 서장, 혐의 부인…""유상봉 진술 일관성 없어""</strong><table align=""CENTER"" bgcolor=""ffffff"" border=""0"" cellpadding=""0"" cellspacing=""5"" width=""500""><tr><td bgcolor=""ffffff"" style=""PADDING-RIGHT: 2px; PADDING-LEFT: 2px; PADDING-BOTTOM: 2px; PADDING-TOP: 2px;""><table bgcolor=""ffffff"" border=""0"" cellpadding=""0"" cellspacing=""5""><tr><td><span class=""end_photo_org""><img alt="""" src=""https://imgnews.pstatic.net/image/018/2019/06/10/0004398404_001_20190610125303295.jpg?type=w647""/></span></td></tr><tr><td style=""PADDING-BOTTOM: 0px; PADDING-LEFT: 0px; PADDING-RIGHT: 0px; FONT-FAMILY: 돋움,돋움체; COLOR: 595959; FONT-SIZE: 9pt; PADDING-TOP: 2px;""></td></tr></table></td></tr></table>[이데일리 황현규 기자] 현직 경찰서장이 함바(건설현장 식당) 브로커 유상봉(73)씨로부터 금품을 받은 혐의로 경찰 조사를 받았다.<br/><br/>서울지방경찰청 지능범죄수사대는 유현철 경기 분당경찰서장(경무관)을 지난 4월에 불러 조사했다고 10일 밝혔다.<br/><br/>유씨는 지난해 11월 고발장을 통해 2008년~2010년 유 서장이 건설현장 식당 운영권 수주와 건설현장 비리사건 수사 무마 등을 대가로 1억 2000만원을 받았다고 주장했다. <br/><br/>그러나 현재 유 서장은 관련 의혹을 부인하고 있고 유씨 또한 진술이 일관되지 않아 수사에 속도가 나지 않고 있는 것으로 알려졌다. <br/><br/>지능범죄수사대 관계자는 “고발·피고발인 조사를 1번씩 진행했다”며 “피고소인 측에서 해당 사실을 부인하고 있다. 고소인 진술도 일관적이지 않고 구체적이지 않다”고 전했다.<br/><br/>경찰은 현재 계좌 내역과 참고인 조사 등을 통해 관련 혐의를 계속 수사할 방침이다. 지능범죄수사대 관계자는 “(고발·피고발인)진술만으로는 사건을 마무리할 수 없어서 참고인이나 계좌 등을 광범위하게 보고 있다”고 밝혔다.<br/><br/>또 경찰은 ‘제 식구 감싸기 아니냐’는 지적에 대해 “검찰 지휘 사건이기 때문에 수시로 검사와 면담을 하는 등 의견을 조율하고 있다”며 “최종적으로 검찰과 의견이 다르면 검찰 의견을 따를 수밖에 없을 것”이라고 설명했다. 경찰은 지난 1월 서울 동부지검으로부터 수사 지휘를 받아 수사 중이다.<br/><br/>앞서 유씨는 지난 5월 동부지검에 원경환 서울지방경찰청장의 뇌물수수 혐의를 담은 진정서도 제출했다. 유씨는 원 청장에게 2009년 뇌물을 줬다고 주장했다. 당시 원 청장은 서울 강동경찰서장으로 재직 중이었다. 그러나 원 청장은 관련 혐의를 전면 부인하고 유씨를 무고죄로 검찰에 고소했다.<br/><br/>유씨는 강희락 전 경찰청장 등 경찰 간부·공기업 경영진·건설사 임원 등에게 사업 관리 등을 이유로 뒷돈을 건넨 혐의로 지난 2010년 11월 구속 기소됐다. 당시 유씨는 1심에서 징역 2년을 선고받았지만 이후 구속집행 정지·집행유예 등의 사유로 석방됐다. 현재는 다른 혐의로 재수감돼 서울구치소에서 복역 중이다.<br/><br/>황현규 (hhkyu@edaily.co.kr)<br/><br/>당첨자 2222명! 에어팟2, 갤럭시워치 <a href=""http://www.edaily.co.kr/event/roulette_2019"" target=""_blank""><b><font color=""f98b10"">[쏩니다▶]</font></b></a><br/>한반도, 혼돈과 위기를 넘어서 <a href=""http://esf.edaily.co.kr/2019/kor/"" target=""_blank""><b><font color=""f98b10"">[이데일리 전략포럼▶]</font></b></a><br/><br/><p><br/>＜ⓒ종합 경제정보 미디어 이데일리 - 무단전재 &amp; 재배포 금지＞</p>
<!-- // 본문 내용 -->
</div>]",2019-06-10 13:21
16,naver_news,생활/문화,[문화현장] 죽음에 대한 차분한 고찰…베르나르 신작 '죽음',"[<div id=""articleBodyContents"">
<!-- 본문 내용 -->
<!-- TV플레이어 -->
<div class=""vod_area"">
<h4 class=""blind"">동영상 뉴스</h4>
<iframe _src=""/main/readVod.nhn?oid=055&amp;aid=0000737376"" allowfullscreen=""true"" frameborder=""0"" height=""363"" marginheight=""0"" marginwidth=""0"" title=""영상 플레이어"" width=""647""></iframe>
</div>
<!-- // TV플레이어 -->
<script type=""text/javascript"">
// flash 오류를 우회하기 위한 함수 추가
function _flash_removeCallback() {}
</script>
<strong>[FunFun 문화현장]</strong><br/><br/>&lt;앵커&gt;<br/><br/>이어서 문화현장입니다. 이번 주 읽어볼 만한 새 책들을 이주상 기자가 소개해드립니다.<br/><br/>&lt;기자&gt;<br/><br/><strong>['죽음' / 베르나르 베르베르 / 열린책들]</strong><br/><br/>국내 누적 판매 1천200만 부의 베스트셀러 작가 베르나르 베르베르가 신간을 내고 한국을 찾았습니다.<br/><br/>이번에는 '죽음'을 주제로 살해당한 주인공의 영혼이 '영매'와 함께 이승과 저승에서 진실을 파헤쳐 간다는 내용입니다.<br/><br/>[베르나르 베르베르 : 죽음은 공포심을 불러오고, 미신을 믿게 하기도 합니다. 이런 죽음을 우리 삶의 마지막 챕터 정도로 차분하게 풀어봤습니다.]<br/><br/>---<br/><br/><strong>['반민특위의 역사적 의미를 다시 묻는다' / 오익환, 김민웅, 김언호 / 한길사]</strong><br/><br/>반민특위 와해 70주년을 맞아 '반민특위의 역사적 의미를 다시 묻는다'가 출간됐습니다.<br/><br/>1980~90년대 대학생 필독서였던 '해방 전후사의 인식' 출간 40주년 기념 기획으로 반민특위를 재조명한 것입니다.<br/><br/>왜곡됐던 한국 현대사의 핵심 고리인 반민특위를 제대로 인식하는 것이 민족정신 바로 세우기의 출발점이라는 주장입니다.<br/><br/>---<br/><br/><strong>['0,1cm로 싸우는 사람' / 박영춘, 김정윤 / 몽스북]</strong><br/><br/>우리나라 최초로 디자인 카드를 선보이며 문구 시장을 이끌어온 기업 바른손의 시작은 강원도에서 상경해 1970년 을지로 인쇄 골목에 자리를 잡은 금속 조각공이었습니다.<br/><br/>신간 '0,1cm로 싸우는 사람'은 '디자인'을 창업정신으로 내건 뒤 부도와 회생을 반복하는 가운데서도 새로운 시도를 계속해온 바른손의 50년 이야기를 담고 있습니다.<br/><br/>---<br/><br/><strong>['북한 사람과 거래하는 법' / 오기현 / 한겨레출판사]</strong><br/><br/>지난 20여 년간 28번 북한을 방문하고 80여 명의 관계자들과 100차례 이상 협상을 했던 북한 전문 베테랑 PD 오기현이 그간의 노하우를 녹여낸 책 '북한 사람과 거래하는 법'입니다.<br/><br/>북한 사람들의 독특한 의식구조를 파악하고, 최근 북한 사회의 변화를 이끌고 있는 '장마당 세대'와 '돈주'에 주목할 것을 조언하고 있습니다.  <br/><br/>이주상 기자(joosang@sbs.co.kr)<br/><br/><a href=""https://news.sbs.co.kr/news/newsHotIssueList.do?tagId=10000042474&amp;plink=FOOT&amp;cooper=NAVER"">▶[하이라이트 영상] 2019 FIFA U-20 월드컵</a><br/><a href=""https://news.sbs.co.kr/news/contributor.do?plink=FOOT&amp;cooper=NAVER"">▶[인-잇] 사람과 생각을 잇다</a><br/><a href=""https://media.naver.com/channel/promotion.nhn?oid=055"">▶네이버 메인에서 SBS뉴스 구독하기</a><br/><br/>※ ⓒ SBS &amp; SBS Digital News Lab. : 무단복제 및 재배포 금지
	<!-- // 본문 내용 -->
</div>]",2019-06-10 13:21
17,naver_news,생활/문화,부부가 각방을 쓰는 게 더 나은 4가지 경우,"[<div id=""articleBodyContents"">
<!-- 본문 내용 -->
<!-- TV플레이어 -->
<!-- // TV플레이어 -->
<script type=""text/javascript"">
// flash 오류를 우회하기 위한 함수 추가
function _flash_removeCallback() {}
</script>
<span class=""end_photo_org""><img alt="""" src=""https://imgnews.pstatic.net/image/296/2019/06/10/0000041601_001_20190610123911869.jpg?type=w647""><em class=""img_desc"">[사진=Kamil Macniak/shutterstock]</em></img></span>가뜩이나 잠 잘 시간이 부족한 형편이다. 그런데 파트너로 인해 매일 잠을 설친다면? 그래도 계속 한 침대를 쓰는 게 옳을까? <br/> <br/>커플끼리는 같이 자야 정이 쌓인다고 하지만, 애써 같이 자다가 오히려 정이 떨어지는 경우도 있다. 미국 의료 포털 '웹 엠디(Web MD)'가 딴 침대를 쓰는 게 더 나은 네 가지 경우를 정리했다. <br/> <br/>◆ 스케줄이 너무 다를 때 = 커플 중 한 사람은 밤 10시에 자고 새벽 5시에 일어나는 종달새 형, 그런데 한 사람은 새벽 1시에 자고 아침 8시에 일어나는 올빼미 형이라고 하자. 일찍 자는 종달새는 늦게 침대에 들어오는 올빼미 때문에 새벽 1시에는 꼭 한 번 깰 것이고, 늦게 자는 올빼미는 또 일찍 일어나는 종달새 때문에 새벽 5시에 깼다가 다시 자게 될 것이다. 어차피 겹치는 시간이 적어서 한 방을 쓴다 해도 친밀한 순간을 갖기 어려운 커플이라면 아예 딴 방을 쓰자. 함께 자 봐야 이득보다 손실이 크다. <br/> <br/>◆ 아플 때 = 숙면은 건강의 기본이다. 며칠 야근한 끝에 담이 들려고 할 때, 또는 갑자기 추워진 날씨에 으슬으슬 몸살 기운이 올라올 때를 생각해 보라. 따뜻하게 한잠 푹 자고 나면 확 좋아지는 걸 느끼지 않는가. 아플 때는 잠이 보약이다. 누구의 방해도 받지 않고 편하게 잘 필요가 있다. 대신 몸이 낫거든 바로 합방에 대해 이야기할 것. <br/> <br/>◆ 안전이 달렸을 때 = 겨우 다섯 시간 자기를 중간에 세 번 깼다고 해 보자. 과연 잤다고 할 수 있을까? 수면의 질이 나쁘면 낮에 졸리기 마련이다. 그리고 졸음은 어떤 경우, 치명적이다. 예를 들어 다음날 장거리 운전을 하거나 비행기를 몰아야 한다면 따로 자는 게 현명하다. <br/> <br/>◆ 잠버릇이 심히 고약할 때 = 잠을 제대로 자지 못하고, 따라서 피곤해지면, 관계는 삐걱댈 수밖에 없다. 특히 둘 중 하나가 원인을 제공하고, 나머지 하나는 피해를 보는 경우가 제일 심각하다. 코골이 얘기다. 상대방이 너무 코를 골아서 잠을 자기 힘들 정도라면, 각방을 쓰는 게 낫다. 억지로 같이 자려 애써봐야 짜증만 는다. 대신 솔직한 대화로 둘만의 시간을 확보할 필요가 있다.<br/><br/>이용재 기자 (youngchaeyi@kormedi.com)<br/><br/><br/><br/><a href=""http://kormedi.com/healthsnack/?utm_source=1294969&amp;utm_medium=naver_news"" style=""color:black; font-weight:bold;"">[헬스스낵- 음식과 다이어트]</a> <a href=""http://kormedi.com/?utm_source=1294969&amp;utm_medium=naver_news"" style=""color:black; font-weight:bold;"">[코메디닷컴 바로가기]</a><br/><a href=""http://kormedi.com/quiz/?utm_source=1294969&amp;utm_medium=naver_news"" style=""color:black; font-weight:bold;"">[퀴즈-카드로 보는 건강]</a><br/><br/> <br/> 저작권ⓒ  '건강을 위한 정직한 지식' 코메디닷컴(<a href=""http://kormedi.com/"">kormedi.com</a>) / 무단전재-재배포 금지
	<!-- // 본문 내용 -->
</div>]",2019-06-10 13:21
18,naver_news,생활/문화,"[오디오래빗] 억울했던 #쌍방과실 아니, 당신 책임 100%","[<div id=""articleBodyContents"">
<!-- 본문 내용 -->
<!-- TV플레이어 -->
<!-- // TV플레이어 -->
<script type=""text/javascript"">
// flash 오류를 우회하기 위한 함수 추가
function _flash_removeCallback() {}
</script>
<strong class=""media_end_summary"">#이슈프레소 ♪ 이어폰을 귀에 꽂으세요 !.!</strong>[ 김민성/신용현 기자  ] <br/><br/><span style=""color:#0066ff;""><span style=""font-size:18px;""><strong>▽▽PLAY▽▽ 오디오래빗 </strong></span></span><br/><br/><iframe frameborder=""0"" height=""160px"" scrolling=""no"" src=""https://player.audiop.naver.com/player?cpId=audioclip&amp;cpMetaId=CH_1137_EP_127&amp;partnerKey=f8ae3b53&amp;partnerId=audioclip&amp;extra="" width=""507px""></iframe><br/><br/><span style=""font-size: 16px;""><span style=""color: rgb(255, 255, 255);""><span style=""background-color: rgb(0, 153, 255);"">뜨거운 이슈를 진한 에스프레소처럼 </span><br/><span style=""background-color: rgb(0, 153, 255);"">빠르게 고압 추출해드립니다.</span></span></span><br/><span style=""color: rgb(255, 255, 255);""><span style=""font-size: 20px;""><span style=""background-color: rgb(0, 102, 255);"">오세인의 이슈프레소</span></span></span><br/><br/><span class=""end_photo_org""><img alt="""" src=""https://imgnews.pstatic.net/image/015/2019/06/10/0004156025_001_20190610120402793.jpg?type=w647""/></span><br/><br/>여러분 내가 잘못한 게 없는데 내 책임이라고 하면 정말 억울하겠죠? 교통사고가 나면 이런 일 참 많다고 하는데요. 바로 쌍방과실입니다.<br/><br/><span style=""color:#ffffff;""><span style=""font-size:18px;""><span style=""background-color:#8b4513;"">#쌍방과실이 뭔가요?</span></span></span><br/><br/>교통사고가 났을 때 가해 차량, 피해 차량 둘 다 잘못이야. 이렇게 서로에게 과실 비율을 묻는 걸 뜻합니다. 대표적인 사례는 직진차로에서 좌회전 하다 사고난 경우입니다.<br/><br/>좌회전하려고 1차선에서 좌회전을 하는데 갑자기 직진차선인 2차선에서 좌회전 하면서 끼어드는 경우 사고가 나면 정상 주행하던 나에게도 책임을 묻는 겁니다. 누가 봐도 내 잘못은 없고 상대방 잘못인데. 사고처리 과정에서 보험사는 피해자도 잘못 있다고 판단하죠. 내 보험사는 내 편이 맞는지 참 억울하겠죠? 앞으로 이제 100:0 과실 적용되는 사례가 늘어납니다.<br/><br/><span style=""color:#ffffff;""><span style=""font-size:18px;""><span style=""background-color:#8b4513;"">#어떻게 늘어나는 거야?</span></span></span><br/><br/>예측할 수 없는 자동차 사고에 대해서 가해자의 책임 100% 과실을 적용하는 ‘자동차 사고 과실비율 인정기준’을 시행합니다. 금융위원회에서 이렇게 말했어요. “과실비율 기준이 없지만, 피해자가 피하기 불가능한 사고의 경우에도 보험사가 쌍방 과실로 유도한다는 소비자 불만이 지속됐다. 그래서 100대 0 사례를 늘렸다”라고 했어요.<br/><br/><span style=""color:#ffffff;""><span style=""font-size:18px;""><span style=""background-color:#8b4513;"">#어떤게 적용되나요?</span></span></span><br/><br/>대표적으로 좌회전을 할 때에요. 좌회전 신호를 받고 출발하는 데 갑자기 옆에서 나타난 좌회전 차량. 분명 그자린 직진이었는데. 불법으로 좌회전 한 거죠. 이때 만약 사고가 나면 나도 책임. 앞으론 직진 차로에서 좌회전하다 사고를 낸 차가 100% 과실을 물게 됩니다.<br/><br/>또 다른 경우는 앞에 가던 차에서 떨어진 화물에 내 차가 다쳤다면? 떨어트린 차에 100% 과실을 적용합니다. 하지만 바짝 쫓아가다 사고난 경우는 안됩니다. 안전거리 꼭 유지해야겠죠?<br/><br/><span style=""color:#ffffff;""><span style=""font-size:18px;""><span style=""background-color:#8b4513;"">#또 다른 사례들입니다.</span></span></span><br/><br/>추월하다 사고를 낸 경우 직선 도로인데 점선 중앙선을 침범해 사고를 냈다면 사고를 낸 차량에 일방 과실 적용.<br/><br/>자동차가 자전거 도로를 침범해 자전거와 충돌한 경우 관습적으로 자전거에도 과실을 물었지만 이제는 자동차에 100% 적용됩니다.<br/><br/>더 자세한 내용은 ‘과실비율분쟁심의위원회’ 홈페이지에서도 확인해볼 수 있습니다.<br/><br/><span class=""end_photo_org""><img alt="""" src=""https://imgnews.pstatic.net/image/015/2019/06/10/0004156025_002_20190610120402818.jpg?type=w647""/></span><br/><br/>이제 ‘쌍방과실이야’라고 하는 사람에게 아닌데? 100% 당신 잘못이야라고 속 시원하게 말할 수 있지 않을까요?<br/><br/>세인이와함께한 이슈프레소 내일도 또 놀러오세요.<br/><span class=""end_photo_org""><img alt="""" src=""https://imgnews.pstatic.net/image/015/2019/06/10/0004156025_003_20190610120402842.jpg?type=w647""/></span><br/><br/><span style=""font-size: 18px;""><span style=""color: rgb(51, 102, 255);""><strong>#오디오래빗 ?</strong></span> </span>뉴스래빗 산하 오디오랩 콘텐츠입니다. 정보형, 공감형, 힐링형, 브리핑형 등 주제와 독자의 상황에 맞는 소리 지향 콘텐츠를 연구개발(R&amp;D)합니다. 뉴스래빗이 자체적으로 커스터마이징한 오디오 플레이어를 통해 뉴스래빗 모바일웹 및 PC웹에서 편하게 듣고, 손쉽게 저장하고, 공유할 수 있습니다 !.! <br/><br/>책임= 김민성, 연구= 신용현 한경닷컴 기자 yonghyun@hankyung.com<br/>스토리텔러= 오세인 아나운서<br/>뉴스래빗 페이스북 facebook.com/newslabit<br/>기사제보 및 보도자료 newslab@hankyung.com<br/><br/><br/><br/>▶ <a href=""https://www.hankyung.com/naver/10007"" target=""_blank""><b>네이버에서 '한국경제' 구독하고 비씨카드·한경레이디스컵 KLPGA 입장권 받자</b></a><br/> ▶ <a href=""http://www.hankyung.com"" target=""_blank"">한경닷컴 바로가기</a>  ▶ <a href=""http://plus.hankyung.com/apps/service.introduction"" target=""_blank"">모바일한경 구독신청</a> <br/><br/>ⓒ 한국경제 &amp; <a href=""http://www.hankyung.com"" target=""_blank"">hankyung.com</a>, 무단전재 및 재배포 금지
	<!-- // 본문 내용 -->
</div>]",2019-06-10 13:21
19,naver_news,생활/문화,‘단짠단짠한’ 음식이 원인 모를 변비의 주범?,"[<div id=""articleBodyContents"">
<!-- 본문 내용 -->
<!-- TV플레이어 -->
<!-- // TV플레이어 -->
<script type=""text/javascript"">
// flash 오류를 우회하기 위한 함수 추가
function _flash_removeCallback() {}
</script>
<span class=""end_photo_org""><img alt="""" src=""https://imgnews.pstatic.net/image/469/2019/06/10/0000395563_001_20190610115323790.jpg?type=w647""><em class=""img_desc"">짜고 단 음식을 먹은 뒤 달달한 디저트를 먹는 단짠단짠한 음식이 변비를 유발할 수 있다. 게티이미지뱅크</em></img></span><br/>“달고 짠 음식을 먹으면 스트레스가 해소되는 기분이죠.”<br/><br/>회사원 최모(27)씨는 ‘단짠단짠한’ 음식을 즐겨 먹는다. 퇴근 후에는 떡볶이, 닭발과 같이 맵고 짠 음식을 찾게 된다. 짠 음식을 먹은 뒤 달달한 디저트로 하루를 마무리한다. 최씨가 최근 극심한 변비로 고통 받고 있다. 화장실에 가도 시원히 볼일 보고 나오는 법이 없다.<br/><br/>최씨처럼 직장생활을 시작하면서 원인을 알 수 없는 변비 증상에 시달리는 사람이 늘고 있다. 유행처럼 번진 단짠단짠한 음식 위주의 식습관 때문일 수 있다. 특히 밀가루에 포함된 글루텐 성분은 수분을 흡수해 소화장애와 변비를 유발한다. <br/><br/>또한 초콜릿 과자 설탕처럼 ‘단순 당’ 섭취는 변비에 최대의 적이다. 짠 음식은 이뇨작용을 활발하게 해 몸속 수분을 줄여 변비를 일으킨다. 매일 규칙적으로 변을 보는 사람도 변비 환자일 가능성이 있다. 배변 횟수보다 ‘어떤 대변을 보느냐’가 더 중요하기 때문이다.<br/><br/>2016년 발표된 '로마 진단기준 IV'에 따르면 △배변할 때 무리한 힘이 필요하거나 △대변이 과도하게 딱딱하게 굳거나 △불완전 배변감이 있거나 △항문 직장의 폐쇄감이 있거나 △배변을 유도하기 위해 대변을 파내거나 회음부를 눌러야 하는 등 손동작이 필요하거나 △1주일 3번 미만 변을 보거나 등 6개 기준 가운데 2개 이상 해당할 때 변비로 진단한다.<br/><br/>자신이 변비인지 정확히 알려면 대변 횟수와 대변 모양을 확인해야 한다. 소량의 토끼 똥을 싸거나 굵고 딱딱한 변을 본다면 변비를 의심할 수 있다. 황금색 바나나처럼 생긴 변을 본다면 변비를 탈출할 수 있다. 변비 증상이 있다고 병원에 꼭 갈 필요는 없다. 10명 중 9명은 생활습관이 잘못돼 변비가 생긴다.<br/><br/>조경환 고려대 안암병원 가정의학과 교수는 “변비에 좋지 않은 기름진 음식을 먹더라도 식이섬유를 함께 섭취하면 변비에 걸릴 확률이 적다”며 “다만 식이섬유 섭취를 갑자기 많이 하면 복부 팽만과 가스, 복통, 설사 등이 생길 수 있으므로 양을 점진적으로 늘리는 것이 좋다”고 했다.<br/><br/>권대익 의학전문기자<br/><b><br/><br/>&lt;변비 줄이는 Tip&gt;</b><br/><br/>①3대 영양소 비율 맞춰 식단 만들기<br/><br/>저탄수화물 식이요법도 좋지 않다. 탄수화물 섭취량이 갑자기 100g 이하로 줄면 지방을 분해할 때 ‘케톤’이라는 대사성 물질이 생겨나고 소변량이 늘어난다. 체내 수분이 급격히 줄면 변이 딱딱해져 변비가 악화될 수 있다. 탄수화물을 줄이더라도 탄수화물, 단백질, 지방의 3대 영양소 비율을 5:2:3 이상으로 유지해야 한다.<br/><br/>②식이섬유가 풍부한 음식 먹기<br/><br/>섬유질은 자기 무게의 40배나 되는 수분을 흡수해 변의 양을 늘려주고 부드럽게 만들며 변이 장을 통과하는 시간도 줄인다. 미역 다시마 톳 김 매생이 등 해조류는 식이섬유가 풍부하다.  다시마와 미역의 겉 부분 미끌미끌한 성분은 ‘알긴산’으로 윤활 역할을 해 쉽게 배변할 수 있도록 도와주며 체내 당 흡수를 늦춘다. 과일과 채소에는 식이섬유와 수분이 많아 대변을 부드럽게 만든다. 배추 시금치 무 옥수수 등 채소류가 섬유질이 풍부하다. 과일에서는 키위 배 포도 오렌지 사과 등이 좋다.<br/><br/>②매일 아침 물 한 컵, 식사 전 미지근한 물로 수분 보충<br/><br/>아침에 일어나면 시원한 물을 한 컵 마시면 좋다. 공복에 차가운 물은 우리 몸을 깨우고 장 운동에 도움을 준다. 식사할 때는 1~2시간 전에 미지근한 물을 마시면 좋다. 식사 후 차가운 물을 갑자기 많이 마시면 설사할 수 있고, 분해되지 않은 소화액은 항문과 항문 점막을 손상해 다른 항문질환을 일으킬 수 있다.<br/><br/>③술 마시면 변 잘 본다는 것은 오해<br/><br/>술은 대장의 연동운동을 방해하고 변을 단단하게 만들며 모양에 영향을 준다. 알코올은 혈관을 넓히기에 술을 마시면 배변 시 항문 근처 혈관 뭉치가 밀려 나와 치핵을 유발할 수 있다.<br/><br/><br/><br/><p><strong>▶<a href=""https://www.facebook.com/hkilbo"">[한국일보 페이스북 친구맺기]</a> <a href=""http://hankookilbo.com"">[한국일보 홈 바로가기]</a><br/>▶<a href=""http://media.naver.com/channel/setting.nhn?back=main&amp;tab=total"">네이버 채널에서 한국일보를 구독하세요!</a></strong></p>
<!-- // 본문 내용 -->
</div>]",2019-06-10 13:21
20,naver_news,생활/문화," 현대로템-현대차, 수소전기열차 만든다 ","[<div id=""articleBodyContents"">
<!-- 본문 내용 -->
<!-- TV플레이어 -->
<!-- // TV플레이어 -->
<script type=""text/javascript"">
// flash 오류를 우회하기 위한 함수 추가
function _flash_removeCallback() {}
</script>
<b>1회 충전으로 시속 70㎞·최대 200㎞ 주행<br/> 내년 제작 완료 목표…“디젤차량 대체 기대”<br/></b><br/><br/><span class=""end_photo_org""><img alt="""" src=""https://imgnews.pstatic.net/image/028/2019/06/10/0002456843_001_20190610121007174.JPG?type=w647""><em class=""img_desc"">현대로템 자료 사진</em></img></span>  철도차량 제작 업체인 현대로템은 10일 경기 용인시 현대자동차 마북연구소에서 수소전기열차 개발 협력을 위한 양해각서(MOU)를 현대차와 체결했다고 밝혔다.<br/><br/>  내년 제작 완료를 목표로 개발 중인 수소전기열차는 1회 충전으로 시속 70㎞, 최대 200㎞까지 주행할 수 있도록 설계됐다. 현대로템은 수소전기열차 제작과 함께 수소연료전지와 차량 간 시스템 인터페이스 개발과 검증을, 현대차는 기술 개발을 위한 수소연료전지를 공급하고 관련 기술을 지원한다. 앞서 현대로템이 올해 1월부터 개발에 들어간 수소전기열차는 저상형 트램 형태로 오는 12일 부산 벡스코에서 개막하는 부산국제철도기술산업전에 시제품으로 선보일 예정이다. <br/><br/>  수소전기열차는 수소와 산소로 전기를 발생시켜 동력을 얻는다. 디젤 철도차량보다 소음이 적고 전차선로와 변전소 등 전력망이 필요하지 않아 전력 인프라 건설과 유지보수 비용을 절감할 수 있는 장점이 있다. 이 열차가 개발되면 국내에서 상용화하는 첫 수소전기열차가 된다. 현대로템은 앞으로 현대차의 기술 지원을 바탕으로 수소전기트램과 수소전기전동차, 수소전기기관차 등을 추가로 개발할 계획이다. <br/><br/>  현재 세계 수소전기열차 시장 규모는 6천억원가량으로, 점진적으로 확대될 것이라고 현대로템은 전망했다. 국내에선 탄소배출제 시행으로 디젤 철도차량의 대체가 필요한 상황이라 앞으로 교체 수요에 수소전기열차가 쓰일 것으로 현대로템은 기대하고 있다.<br/><br/> 홍대선 기자 hongds@hani.co.kr<br/> <br/><br/> <a href=""https://media.naver.com/channel/promotion.nhn?oid=028"">[▶네이버 메인에서 한겨레 받아보기]</a><br/> <a href=""http://nuri.hani.co.kr/hanisite/mobile/index.html"">[▶한겨레 정기구독]</a> <a href=""http://www.hani.co.kr/arti/SERIES/1163/home01.html"">[▶영상 그 이상 ‘영상+’]</a><br/><br/><br/>[ⓒ한겨레신문 : 무단전재 및 재배포 금지]<br/><br/>
<!-- // 본문 내용 -->
</div>]",2019-06-10 13:21
21,naver_news,세계,내년부터 일반인도 우주 여행할 수 있다…비용은 얼마?,"[<div id=""articleBodyContents"">
<!-- 본문 내용 -->
<!-- TV플레이어 -->
<div class=""vod_area"">
<h4 class=""blind"">동영상 뉴스</h4>
<iframe _src=""/main/readVod.nhn?oid=055&amp;aid=0000737377"" allowfullscreen=""true"" frameborder=""0"" height=""363"" marginheight=""0"" marginwidth=""0"" title=""영상 플레이어"" width=""647""></iframe>
</div>
<!-- // TV플레이어 -->
<script type=""text/javascript"">
// flash 오류를 우회하기 위한 함수 추가
function _flash_removeCallback() {}
</script>
	
	빠르면 내년부터 일반인들도 우주로 날아가 국제우주정거장 ISS 생활을 체험할 수 있습니다.<br/><br/>미국 항공우주국, NASA는 ISS를 관광 등 민간 상업 용도로 개방한다는 계획을 밝혔습니다.<br/><br/>NASA가 ISS를 민간에 개방하기로 한 것은 이번이 처음으로 NASA는 이르면 내년에 첫 방문객이 ISS를 찾을 것으로 예상했습니다.<br/><br/>우주정거장 방문 비용은 싸지 않습니다.<br/><br/>일단 ISS에 가려면 보잉이나 스페이스X가 개발 중인 유인 우주선을 타야 하는데 왕복 비용이 5천800만 달러 우리 돈으로 약 688억 원으로 예상됩니다.<br/><br/>여기에 1인당 1박에 3만 5천 달러 4천150만 원의 우주정거장 숙박료를 내야 합니다.<br/><br/>숙박료는 우주정거장 내의 공기와 물, 화장실 등을 사용하는 데 드는 비용입니다.<br/><br/>또 인터넷을 사용하려면 1기가당 50달러를 추가로 내야 합니다.<br/><br/>물론 개인이 NASA에 직접 비용을 내고 우주여행을 예약하는 것은 아닙니다.<br/><br/>NASA와 계약한 민간업체가 여행 프로그램을 운영하기 때문에 업체의 수익을 더하면 개인이 내는 비용이 더 늘어납니다.<br/><br/>NASA는 일단 1년에 두 차례, 한 번에 최대 30일까지만 방문을 허용할 예정입니다.<br/><br/>우주정거장엔 최대 6명이 한 번에 머물 수 있어 1년에 최대 12명이 방문할 수 있습니다.<br/><br/>또 이러한 '우주 관광객'들도 NASA의 우주 비행사들과 마찬가지로 신체검사와 훈련 과정을 거쳐야 합니다.<br/><br/>우주정거장 방문 비용이 일반인이 감당하기에는 엄청난 수준이지만 ISS 운영에 드는 비용에는 미치지 못합니다.<br/><br/>뉴욕 타임스에 따르면 NASA는 ISS 운영에 연간 30∼40억 달러 3조 5천억 원에서 4조 7천억 원을 지출하고 있습니다. <br/><br/>김정기 기자(kimmy123@sbs.co.kr)<br/><br/><a href=""https://news.sbs.co.kr/news/newsHotIssueList.do?tagId=10000042474&amp;plink=FOOT&amp;cooper=NAVER"">▶[하이라이트 영상] 2019 FIFA U-20 월드컵</a><br/><a href=""https://news.sbs.co.kr/news/contributor.do?plink=FOOT&amp;cooper=NAVER"">▶[인-잇] 사람과 생각을 잇다</a><br/><a href=""https://media.naver.com/channel/promotion.nhn?oid=055"">▶네이버 메인에서 SBS뉴스 구독하기</a><br/><br/>※ ⓒ SBS &amp; SBS Digital News Lab. : 무단복제 및 재배포 금지
	<!-- // 본문 내용 -->
</div>]",2019-06-10 13:21
22,naver_news,세계,사고 흔적 지우고 운항 계속…바이킹 시긴호 압류하나?,"[<div id=""articleBodyContents"">
<!-- 본문 내용 -->
<!-- TV플레이어 -->
<!-- // TV플레이어 -->
<script type=""text/javascript"">
// flash 오류를 우회하기 위한 함수 추가
function _flash_removeCallback() {}
</script>
<div class=""vod_area""><iframe _src=""/main/readVod.nhn?oid=056&amp;aid=0010710245&amp;position=1&amp;autoPlay=true&amp;viewType="" allowfullscreen=""true"" frameborder=""0"" height=""363"" marginheight=""0"" marginwidth=""0"" title=""영상 플레이어"" width=""647""></iframe></div><br/><br/> [앵커]<br/><br/> 사고를 일으킨 크루즈선을 압류해서 조사해야 한다는 목소리가 커지고 있는데요.<br/><br/> 이 배가 운항 스케줄에 따라서 헝가리로 돌아오고 있는데, 선체 충돌 부위를 도색하는 등 사고 흔적을 벌써 싹 지워 논란이 일고 있습니다.<br/><br/> 이재희 기자가 보도합니다.<br/><br/> [리포트]<br/><br/> 슬로바키아의 다뉴브강에 정박한 크루즈 선.<br/><br/> 허블레아니 호를 추돌했던 바이킹 시긴호입니다.<br/><br/> 지난 9일 새벽 오스트리아 빈을 떠나 다시 부다페스트로 가는 길입니다.<br/><br/> 배 위에서는 승객들이 식사를 하고 있습니다.<br/><br/> 사고 뒤에도 관광 크루즈 운항을 계속하고 있는 겁니다.<br/><br/>가해 선박인 바이킹 시긴 호가 항구에 정박해 있습니다.<br/><br/> 사고 당시 선두 우측에  허블레아니 호와 부딪쳤던 흔적이 있었는데 지금은 도색까지 새로 해 말끔하게 사라졌습니다.<br/><br/> 사고 직후 상태와 비교해보면 차이가 확실합니다.<br/><br/> 사고 정황을 가늠해 볼 수 있는 흔적을 없앤 건데 증거인멸 의혹이 불거집니다.<br/><br/> 체포된 선장은  사고 관련 진술을 거부하고 있고 또 사고 직후 휴대전화의 정보를 지운 사실까지 드러났습니다.<br/><br/> 이런 상황에서 사고 뒤 바이킹 시긴 호를 그대로 풀어준 헝가리 경찰에 대한 비판이 커지고 있습니다.<br/><br/>[머저르 죄르지/피해 유람선 측 선장 변호사 : ""배를 다른 곳으로 보내면 안 됐고, 증거로 잡아뒀어야 합니다. 누가 출항 허가를 해줬는지 그리고 이유가 무엇이었는지 밝혀야 합니다.""]<br/><br/> 헝가리 경찰은 필요한 증거는 대부분 모았다며 선박 조사 계획은 없다고 밝혔습니다.<br/><br/> 하지만 헝가리 대테러청장도 선박에 대한 조사를 제대로 안해 부다페스트에 도착한 바이킹 시긴호의 압류 가능성에 관심이 모아지고 있습니다.<br/><br/> KBS 뉴스 이재희입니다.<br/><br/>이재희 기자 (leej@kbs.co.kr)<br/><br/><a href=""https://media.naver.com/channel/promotion.nhn?oid=056"" target=""_blank"">▶ 네이버 채널 KBS뉴스 구독! 시원하게 털어드립니다</a><br/><br/><a href=""http://news.kbs.co.kr/news/list.do?mcd=0990"" target=""_blank"">▶ ‘TV보다 ㄹㅇ’ 당신의 진짜 뉴스 ‘케이야’</a><br/><br/><a href=""http://news.kbs.co.kr/news/list.do?mcd=0795"" target=""_blank"">▶ 방송에서 못한 현장 이야기 ‘취재후’</a>
<!-- // 본문 내용 -->
</div>]",2019-06-10 13:21
23,naver_news,세계,홍콩·대만 주요 사이트 다 막더니… 中 ‘톈안먼’ 다룬 외신 차단·해제 되풀이,"[<div id=""articleBodyContents"">
<!-- 본문 내용 -->
<!-- TV플레이어 -->
<!-- // TV플레이어 -->
<script type=""text/javascript"">
// flash 오류를 우회하기 위한 함수 추가
function _flash_removeCallback() {}
</script>
<span class=""end_photo_org""><img alt="""" src=""https://imgnews.pstatic.net/image/021/2019/06/10/0002393366_001_20190610121104243.jpg?type=w647""><em class=""img_desc"">경찰과 격렬한 충돌 : 9일 홍콩 도심에서 100만여 명이 참여한 ‘범죄인 인도 법안’ 반대 시위가 하루를 넘긴 10일까지 이어지는 가운데 경찰들이 의회까지 행진해온 시위대에 최루가스를 살포하며 진압에 나서고 있다.  AP 연합뉴스</em></img></span><br/><br/><b>톈안먼 30주년·무역전쟁 속<br/><br/>中 검열 시스템 갈수록 강화<br/><br/>인터넷 우회망 없이 연결되던<br/><br/>WP·가디언 웹사이트도 차단<br/><br/>홍콩 ‘범죄인 인도’ 반대 시위<br/><br/>100만명 이상 참가 역대최대</b><br/><br/>중국 내에서 인터넷 우회망(網) 없이 연결되던 미국 워싱턴포스트(WP)와 영국 가디언(Guardian)의 웹사이트가 차단됐다고 홍콩 사우스차이나모닝포스트(SCMP)가 보도했다. 지난 4일 6·4 톈안먼(天安門) 사태 30주년과 미·중 무역전쟁 격화 속에서 중국 인터넷 당국의 검열 시스템이 강화되고 있기 때문인 것으로 분석된다.<br/><br/>10일 SCMP가 WP 기사를 인용해 보도한 바에 따르면, 5월 말까지 가상사설망(VPN) 없이 중국 내에서 정상적으로 접근할 수 있었던 마지막 해외 언론 사이트 중 하나였던 WP와 가디언이 최근 차단됐다. VPN은 중국 당국의 검열을 우회해 해외 사이트에 접속할 수 있는 망을 말한다. 중국 인터넷 당국은 ‘만리 방화벽’(Great Firewall)을 통해 자국민이 해외 언론 사이트에 접속하는 것을 철저하게 차단하고 있다. 만리 방화벽은 만리장성(Great Wall)과 컴퓨터 방화벽(fire wall)을 합친 용어로, 중국의 인터넷 감시·검열 시스템을 뜻한다. SCMP는 “최근 톈안먼 사태 30주기를 맞아 인터넷에 관련 글과 사진 등에 대한 검열이 강화되면서 WP 등의 사이트도 더 이상 접속이 되지 않는다”고 전했다. <br/><br/>최근 미국의 CNN도 홈페이지에 톈안먼 사태를 기념하는 톱 기사를 실은 뒤 웹사이트가 차단당했다가 해제되는 상황이 되풀이되고 있다. 반체제 내용을 담은 홍콩과 대만의 사이트는 다 막고, 톈안먼 사태 등 민감 현안을 다루는 외신은 차단과 해제를 되풀이하고 있다는 의혹이 일고 있다.<br/><br/>중국 내에서 로이터나 블룸버그통신, 뉴욕타임스(NYT), 월스트리트저널(WSJ) 등 해외 언론 사이트는 수년 전부터 VPN이 없으면 접근할 수 없다. SCMP나 홍콩 밍바오(明報) 등 중국에 비판적인 홍콩 언론도 인터넷에서 차단된 지 오래됐다. 그동안 검색이 가능했던 온라인 백과사전 ‘위키피디아’ 영어판도 지난달 중순 중국 내에서 접속이 불가능해졌다. SCMP는 “중국의 검열 당국은 언론 사이트뿐 아니라 기업의 정당한 관행과 관련된 1만 개 이상의 도메인도 막고 있고, 인공지능(AI)을 활용한 검열 시스템은 우회 망인 VPN을 찾아내느라 혈안이 돼 있다”고 전했다.<br/><br/>한편 지난 9일 홍콩 정부가 추진 중인 ‘범죄인 인도 법안’에 반대하는 시위에 홍콩 시민 100만 명 이상이 참여한 것으로 알려졌다. SCMP에 따르면, 주최 측 기준 103만 명(경찰 기준 24만 명)이 참가해 1997년 홍콩이 영국에서 중국으로 반환된 이후 최대 규모를 기록했다. 중국 송환 반대를 뜻하는 ‘반송중’(反送中) 등의 손팻말을 든 시위 참가자들은 중국 정부가 반체제 인사 등을 범죄인 인도 조약이 체결되지 않은 중국 본토로 송환하는 데 이 법을 악용할 수 있다며 반대 목소리를 높였다. 시위대는 홍콩의 행정 수반인 캐리 람(林鄭月娥) 행정장관의 사퇴를 요구하기도 했으며, 자정을 넘겨서는 경찰과 물리적 충돌을 빚기도 했다.<br/><br/>베이징=김충남 특파원 utopian21@munhwa.com<br/><br/><b>[ <a href=""http://www.munhwa.com"" target=""_blank"">문화닷컴 바로가기</a> | <a href=""http://media.naver.com/channel/promotion.nhn?oid=021"" target=""_blank"">문화일보가 직접 편집한 뉴스 채널</a> | <a href=""http://m.munhwa.com"" target=""_blank"">모바일 웹</a> ]</b><br/><br/><br/>[Copyrightⓒmunhwa.com '대한민국 오후를 여는 유일석간 문화일보' 무단 전재 및 재배포 금지(<a href=""http://www.munhwa.com/service/gudok_request.html"" target=""_blank"">구독신청:02)3701-5555</a>)]
	<!-- // 본문 내용 -->
</div>]",2019-06-10 13:21
24,naver_news,세계,"대만 차이잉원 총통 ""일국양제 선택 안 한다""","[<div id=""articleBodyContents"">
<!-- 본문 내용 -->
<!-- TV플레이어 -->
<!-- // TV플레이어 -->
<script type=""text/javascript"">
// flash 오류를 우회하기 위한 함수 추가
function _flash_removeCallback() {}
</script>
	
	집권 민진당 경선 돌입 후 차이잉원 당내 지지율 올라<br/><br/>(타이베이=연합뉴스) 김철문 통신원 = 전날 홍콩에서 '범죄인 인도법안'에 반대하는 역대 최대규모의 시위가 벌어진 가운데, 차이잉원(蔡英文) 대만 총통이 '일국양제'(1국가 2체제)는 대만인의 선택사항이 될 수 없다고 언급했다.<br/><br/>    일국양제는 1997년 홍콩 주권 반환 후 50년간 중국이 외교와 국방에 대한 주권을 갖되, 홍콩에는 고도의 자치권을 부여한 것을 말한다. <br/><br/>    10일 자유시보 등 대만언론에 따르면, 전날 저녁 차이잉원 총통은 자신의 페이스북에 ""우리는 세상을 향해 더 크게 '대만 사람은 민주를 사랑하고 우리가 자신의 운명을 결정할 권리를 견지한다'라고 말해야 한다""면서 이 같은 의견을 밝혔다.<br/><br/><span class=""end_photo_org""><img alt="""" src=""https://imgnews.pstatic.net/image/001/2019/06/10/AKR20190610076300009_01_i_20190610120407663.jpg?type=w647""><em class=""img_desc"">차이 총통이 페이스북에 올린 글[차이잉원 총통 페이스북 캡처]</em></img></span><br/><br/>    차이 총통은 이어 홍콩 시위 사진을 올리면서 ""홍콩 사람들이 자유를 소중히 여기는 마음에서 '중국에 이송하는 악법'으로 여겨지는 범죄인 인도 법안에 반대하기 위해 거리로 나왔다""고 적었다.<br/><br/>    아울러 홍콩인이 어렵게 추구한 인권보장과 민주 법치가 이곳 대만에서는 이렇듯 자연스럽게 존재하고 있으며 이것은 모두가 소중히 여기고 힘써 수호할 만한 충분한 가치가 있는 것이라고 말했다.<br/><br/>    또한 '일국양제' 하에서 22년 만에 홍콩인의 자유는 더는 당연한 것이 아닌 것이 됐고, 과거에 자랑하던 현대적 법치제도도 점차 무너지고 말았다면서 ""대만이 깊은 경각심과 관심을 가져야 할 부분""이라고 강조했다.<br/><br/>    앞서 홍콩 정부는 중국을 포함해 대만, 마카오 등 범죄인 인도 조약을 체결하지 않은 국가나 지역에도 사안별로 범죄인들을 인도할 수 있도록 하는 내용의 '범죄인 인도 법안'의 입법을 추진하고 있으며 오는 홍콩 입법회는 12일 법안에 대한 표결을 실시한다.<br/><br/>    한편 집권 민주진보당(민진당)의 대선후보 경선이 본격화하면서 차이잉원 총통의 지지율이 상승세를 보이는 것으로 나타났다.<br/><br/>    지난 8일 민진당의 대선후보자 결정을 위한 TV 정견발표회가 열렸으며, 민진당의 내년 대선 후보 결정을 위한 여론조사는 10~14일에 실시된다.<br/><br/>    민진당 당내 여론조사 시작되기 전에 대만 ERA 뉴스가 시민 1천166명을 대상으로 실시한 여론조사에서 차이 총통은 라이칭더(賴淸德) 전 행정원장을 6.8%의 격차로 앞서는 것으로 나타났다.<br/><br/><span class=""end_photo_org""><img alt="""" src=""https://imgnews.pstatic.net/image/001/2019/06/10/AKR20190610076300009_02_i_20190610120407668.jpg?type=w647""><em class=""img_desc"">차이잉원 총통(왼쪽), 라이칭더 전 행정원장[대만 NEXT TV 캡처]</em></img></span><br/><br/>    현재 대만언론은 홍콩의 반중국 움직임, 미국 정부의 친대만 분위기를 고려할 때 대만 젊은 층의 높은 지지를 받는 차이 총통이 무난히 당내 경선을 통과할 것으로 내다보고 있다.<br/><br/>    jinbi100@yna.co.kr<br/><br/><a href=""https://media.naver.com/channel/promotion.nhn?oid=001&amp;naver_promotion"" target=""_blank"">▶네이버 홈에서 [연합뉴스] 채널 구독하기</a><br/><br/><a href=""https://hng.yonhapnews.co.kr/?site=hng_tit&amp;did=1195s"" target=""_blank"">▶뭐 하고 놀까? #흥  </a><a href=""https://www.yna.co.kr/video/index?site=navi_visual_dep02&amp;did=1195s"" target=""_blank"">▶쇼미더뉴스! 오늘 많이 본 뉴스영상</a><br/><br/>
<!-- // 본문 내용 -->
</div>]",2019-06-10 13:21
25,naver_news,세계,"구조선 철수하는 지중해…유엔 ""'피의 바다' 될 것"" 경고","[<div id=""articleBodyContents"">
<!-- 본문 내용 -->
<!-- TV플레이어 -->
<!-- // TV플레이어 -->
<script type=""text/javascript"">
// flash 오류를 우회하기 위한 함수 추가
function _flash_removeCallback() {}
</script>
	
	NGO 구조선 10척에서 최근 1척만 남아…""조난·사망 위험 최고치""<br/><br/><span class=""end_photo_org""><img alt="""" src=""https://imgnews.pstatic.net/image/001/2019/06/10/AKR20190610071000009_01_i_20190610115513142.jpg?type=w647""><em class=""img_desc"">난민 구조선 '시워치3' [로이터=연합뉴스]</em></img></span><br/><br/>(서울=연합뉴스) 김승욱 기자 = 난민 구조선이 없는 지중해는 '피의 바다'가 될 것이라는 유엔의 경고가 나왔다.<br/><br/>    영국 일간 가디언은 9일(현지시간) 리비아 내전 격화와 NGO 구조선의 감소로 지중해에서 난민과 이주민이 조난하거나 목숨을 잃을 위험이 사상 최고치라며 이같은 유엔의 우려를 전했다.<br/><br/>    이탈리아에 있는 유엔난민기구(UNHCR)의 카를로타 사미 대변인은 ""우리가 즉시 개입하지 않는다면 '피의 바다'가 열릴 것""이라고 경고했다.<br/><br/>    내전과 홍수로 극심한 고통을 받은 리비아인 수천 명이 바다를 통해 고국을 떠날 준비를 하고 있지만, 구조선 없이는 조난 사고도 급증할 전망이다.<br/><br/>    구조단체들에 따르면 최근 며칠간 약 700명이 리비아 해안을 떠났고, 이 가운데 5%만이 해안경비대에 적발돼 수용소로 보내졌다.<br/><br/>    이들 중 40%는 몰타에, 11%는 이탈리아에 도착했지만, 나머지 44%의 행방은 알려지지 않았다.<br/><br/>    UNHCR 자료에 따르면 올해 초부터 1천940명이 북아프리카 해안을 출발해 이탈리아에 도착했지만 같은 경로를 택한 350명은 목숨을 잃었다.<br/><br/>    이탈리아 싱크탱크인 국제정치연구소(ISPI)의 조사 결과 지난 1월부터 4월 사이 리비아를 떠난 난민 8명 중 1명이 목숨을 잃은 것으로 나타났다.<br/><br/>    사미 대변인은 ""악덕 알선업자들은 난민이 죽든 살든 개의치 않는다""며 ""최근 난민들로 넘치는 선박이 더 늘어나고 있다. 이들이 조난하면 누가 구하겠는가""라고 말했다.<br/><br/>    그러나 이탈리아와 몰타 정부가 채택한 반이민 정책 때문에 구조 활동은 급격히 위축되고 있다.<br/><br/>    이탈리아의 극우 포퓰리즘 연립정부는 난민 구조선의 이탈리아 항구 정박을 금지했다.<br/><br/>    그 결과 과거 지중해에서 10척의 구조선이 활동했으나, 지금은 독일의 난민 구조단체 '시워치'(SeaWatch)가 운영하는 1척만 남았다.<br/><br/>    이탈리아 시워치 대변인은 ""지난달 10일 이후 우리 비행기가 20척의 소형 난민 보트를 발견했다""며 ""우리는 소형보트에 탄 난민들이 구조되기 전까지 몇 시간이고 밤새 기다리는 것을 봤다""고 말했다.<br/><br/>    이어 ""세계에서 가장 배가 많이 지나다니는 해역에서 이들이 도움을 받지 못한다는 것은 터무니없는 일""이라고 덧붙였다.<br/><br/><span class=""end_photo_org""><img alt="""" src=""https://imgnews.pstatic.net/image/001/2019/06/10/AKR20190610071000009_02_i_20190610115513151.jpg?type=w647""><em class=""img_desc"">'시워치3'가 구조한 난민들 [로이터=연합뉴스]</em></img></span><br/><br/>    kind3@yna.co.kr<br/><br/><a href=""https://media.naver.com/channel/promotion.nhn?oid=001&amp;naver_promotion"" target=""_blank"">▶네이버 홈에서 [연합뉴스] 채널 구독하기</a><br/><br/><a href=""https://hng.yonhapnews.co.kr/?site=hng_tit&amp;did=1195s"" target=""_blank"">▶뭐 하고 놀까? #흥  </a><a href=""https://www.yna.co.kr/video/index?site=navi_visual_dep02&amp;did=1195s"" target=""_blank"">▶쇼미더뉴스! 오늘 많이 본 뉴스영상</a><br/><br/>
<!-- // 본문 내용 -->
</div>]",2019-06-10 13:21
26,naver_news,IT/과학,2020년부터 어디서나 초고속인터넷 이용 가능,"[<div id=""articleBodyContents"">
<!-- 본문 내용 -->
<!-- TV플레이어 -->
<!-- // TV플레이어 -->
<script type=""text/javascript"">
// flash 오류를 우회하기 위한 함수 추가
function _flash_removeCallback() {}
</script>
<b>가입사실 현황 조회·마일리지 고지도 의무화</b><br/><br/><span class=""end_photo_org""><img alt="""" src=""https://imgnews.pstatic.net/image/029/2019/06/10/0002532343_001_20190610120208210.jpg?type=w647""/></span>과학기술정보통신부가 초고속인터넷을 보편적 역무(기본적인 전기통신서비스)로 지정하고 가입 사실 현황 조회와 가입 제한 서비스, 경제상의 이익인 마일리지 고지 등을 의무화하는 전기통신사업법 시행령을 11일 공포했다. 초고속인터넷의 보편적 역무 지정은 2020년 1월 1일부터 시행한다. 가입사실현황 조회·가입제한 서비스 의무화 및 마일리지 고지 의무화는 오는 12일에 시행할 예정이다.<br/><br/>초고속인터넷은 금융 거래, 쇼핑, SNS, 동영상시청 등 일상생활에 필수재다. 우리나라는 그간의 초고속인터넷 확산 정책의 결과 고품질의 초고속인터넷이 세계 최고 수준으로 보급돼 있다. 2017년 12월 기준 OECD 국가 중 광케이블 기준 초고속인터넷 보급률은 1위를 기록했다. 그럼에도 불구하고, 시골 등 고비용지역의 이용자는 사업자들이 제공을 기피하여 초고속인터넷을 여전히 이용할 수 없는 상황이다.<br/><br/>이에 따라, 초고속인터넷을 이용자의 기본적인 전기통신역무인 보편적 역무(시내전화, 공중전화 등)로 지정해 지정된 사업자에게 제공 의무를 부과하고, 2020년 1월 1일부터 어느 곳에서든 원하는 이용자가 초고속인터넷을 제공 받을 수 있도록 보장한다. 향후, 고시에서 일정 속도의 초고속 인터넷을 제공받지 못하는 건물을 대상으로 제공 의무를 부과하고, 미국·영국(예정) 등 해외 대비 높은 속도로 제공할 계획이다. 미국은 평균 10Mbps 속도를, 영국은 최대 10Mbps 속도를 제공하고 있다. <br/><br/>이와 더불어, 가입 사실 현황 조회 의무화, 마일리지 고지 의무화 등 이용자의 권익 보호를 강화한다. 본인 명의의 통신서비스 계약 사실을 문자·우편으로 알려주는 명의도용 방지 서비스를 의무적으로 시행하고 있음에도 불구하고 명의도용 피해가 꾸준히 발생하고 있다. <br/><br/>과기정통부는 주요 전기통신사업자에게 본인의 통신 서비스를 조회할 수 있는 가입 사실 현황 조회 서비스와 사전에 통신 서비스 계약을 제한할 수 있는 가입 제한 서비스를 추가로 의무화했다. 가입 사실 현황 조회 서비스 의무 대상은 시내·외전화, 인터넷전화·인터넷(매출액 300억원 이상), 이동통신 제공 사업자다. 가입 제한 서비스 의무 대상은 이동통신 제공 사업자다. <br/><br/>또 이통3사(KT, SKT, LGU+)의 2G·3G(종량제  피처폰) 이용자는 관심 부족 등의 이유로 적립된 마일리지를 사용하지 못해 마일리지가 지속적으로 소멸됐다. 과기정통부는 마일리지 적립·이용 방법 등 주요 현황을 통신사 홈페이지(상시)·요금청구서(매월)를 통해 안내하고, 1년 이내의 사용이력이 없는 이용자에게는 분기별로 문자메세지로 안내하도록 했다. 김은지기자 kej@dt.co.kr <br/><br/><a href=""http://www.dt.co.kr/article_list.html?gcd=1&amp;scd=110&amp;lcd=1603&amp;fcd=31&amp;se_code=3269"">디지털타임스 기획 : <b>[ ] 에게 고견을 듣는다</b></a> / <a href=""http://www.dt.co.kr/article_list.html?gcd=1&amp;scd=110&amp;lcd=1603&amp;fcd=31&amp;se_code=3458""><b>[연중기획] 풀뿌리상권 살려내자</b></a><br/><a href=""http://media.naver.com/channel/promotion.nhn?oid=029"">네이버 채널에서 '디지털타임스'를 구독해주세요.</a>
<!-- // 본문 내용 -->
</div>]",2019-06-10 13:21
27,naver_news,IT/과학,이진법 뛰어넘는 신개념 메모리 소자 기반 기술 찾았다,"[<div id=""articleBodyContents"">
<!-- 본문 내용 -->
<!-- TV플레이어 -->
<!-- // TV플레이어 -->
<script type=""text/javascript"">
// flash 오류를 우회하기 위한 함수 추가
function _flash_removeCallback() {}
</script>
<span class=""end_photo_org""><img alt="""" src=""https://imgnews.pstatic.net/image/030/2019/06/10/0002818935_001_20190610120108504.jpg?type=w647""/></span><br/>국내 연구진이 자성물질에서 비대칭적 상호작용에 의한 자화 방향이 존재하는 것을 규명했다. 기존 이진법을 뛰어넘어 보다 빠르고 데이터 용량이 큰 신개념 비휘발성 메모리 소자 개발 가능성을 제시했다.<br/><br/>과학기술정보통신부는 정명화 서강대 교수 연구팀이 자성물질 사이에 숨겨진 자기적 상호작용을 규명했다고 10일 밝혔다. 연구 성과는 재료분야 최상위 국제학술지 '네이처 머티리얼스(Nature Materials)'에 최근 실렸다.<br/><br/>연구팀은 자성물질에서 대칭적 상호작용에 의한 두 가지 자화 방향(동일·반대 방향)뿐 아니라 비대칭적 상호작용에 의한 자화 방향도 있음을 발견했다. 자화는 물체가 자성을 띠는 현상을 말한다.<br/><br/>연구팀은 이를 규명하기 위해 수직 자화를 가지는 Co/Pt 단일층, 다층 박막을 제작해 수직 방향 자화를 측정했다. 다층 박막에서 대칭적 수직 자화 곡선이 비대칭적인 자화 곡선으로 변화했다. 3차원 스핀 구조에 정보를 저장함으로써 자성 메모리의 속도와 용량을 크게 개선할 수 있는 가능성을 제시했다.<br/><br/><span class=""end_photo_org""><img alt="""" src=""https://imgnews.pstatic.net/image/030/2019/06/10/0002818935_002_20190610120108530.jpg?type=w647""><em class=""img_desc"">비대칭 층간 상호작용에 대한 모식도 (a) 자성 박막의 단일층 및 다층 단위에서 보이는 비대칭 상호작용의 모식도. (b) 두 자성층의 스핀 방향이 서로 평행한 상태와 반평행한 상태에 수평 방향의 자기장에 의해 변화하는 스핀 상태의 모식도. (c) 실험 방법에 대한 모식도.</em></img></span><br/>연구에서 밝혀진 비대칭적 상호작용은 두 자성물질 사이에 있는 비자성 물질에 의해 대칭성이 사라지면서 발생했다. 자성물질 종류에 무관하게 재현된다. 두 자성물질 사이에 숨겨진 새로운 자기적 상호작용을 밝혔다는데 의미가 있다.<br/><br/>비대칭적 자기 상호작용을 이용하면 자성물질에서 동일·반대 방향 대칭적 스핀 구조 뿐 아니라 비대칭적 특이한 스핀 구조를 구성할 수 있다. 자성물질 사이의 비대칭적 상호작용을 이용해 안정적인 3차원 특이 스핀구조를 구성하고 이를 자성기반 메모리 소자에 적용한다. 0과 1의 이진법을 뛰어넘어 고집적, 저전력 차세대 스핀트로닉스 소자 개발이 가능할 것으로 기대된다.<br/><br/>전자 스핀 상태를 결정하는 자기적 상호작용은 일반적으로 대칭적 형태로 발생한다. 두 개의 서로 다른 자성층 사이에 있는 비자성층에 의해 자화 방향이 평행 또는 반평행 상태로 교차한다. 비대칭적 상호작용은 전력·용량 면에서 효율적 디바이스를 가능케 할 것으로 여겨졌다.<br/><br/>하지만 기존 연구에서 비대칭적 상호작용은 단일 자성물질에 국한돼 보고됐다. 자성 물질 사이 비대칭적 상호작용을 규명한 것은 이번이 처음이다.<br/><br/>정명화 교수는 “자성 박막 사이에 존재하는 새로운 자기적 상호작용을 밝혔다는데 큰 의의가 있다”고 강조했다. 정 교수는 “향후 메모리 소자의 저장 용량 한계를 극복하고 자성 소재의 구조적 문제를 해결해 새로운 형태 자성 메모리 소자를 디자인하는 데 기여할 것”이라고 설명했다.<br/><br/>최호 정책기자 snoop@etnews.com<br/><br/><a href=""http://www.etnews.com/tools/redirect_log.html?url=http%3A%2F%2Fconference.etnews.com%2Fconf_info.html%3Fuid%3D114&amp;pm=7416"" target=""_blank""><strong>▶ ""밀레니얼 세대에게 팔아라""  밀레니얼/Z세대 쇼크 &amp; 패러다임 시프트 콘서트 2019</strong></a><br/><br/><a href=""http://www.etnews.com/tools/redirect_log.html?url=https%3A%2F%2Fmedia.naver.com%2Fchannel%2Fpromotion.nhn%3Foid%3D030%26naver_promotion&amp;pm=4519"" target=""_blank""><strong>▶ 네이버 모바일에서 [전자신문] 채널 구독하기</strong></a><br/><br/><a href=""http://www.etnews.com/tools/redirect_log.html?url=http%3A%2F%2Fwww.etnews.com%2F&amp;pm=4525"" target=""_blank""><strong>▶ 전자신문 바로가기</strong></a> <br/><br/><span style=""display: block; font-size:14px;"">[Copyright ⓒ 전자신문 &amp; 전자신문인터넷, 무단전재 및 재배포 금지]</span></div>]",2019-06-10 13:21
28,naver_news,IT/과학,자성메모리(M램) 속도·용량 높여줄 3차원 스핀구조 발견,"[<div id=""articleBodyContents"">
<!-- 본문 내용 -->
<!-- TV플레이어 -->
<!-- // TV플레이어 -->
<script type=""text/javascript"">
// flash 오류를 우회하기 위한 함수 추가
function _flash_removeCallback() {}
</script>
<strong class=""media_end_summary"">서강대 정명화 교수팀, 자성 박막 사이의 새로운 상호작용 밝혀</strong>[아이뉴스24 최상국 기자] 차세대 메모리로 주목받고 있는 자성메모리(M램)의 속도와 저장용량을 한 단계 높여줄 3차원 스핀구조가 발견됐다.<br/><br/>서강대 물리학과 정명화 교수 연구팀은 두 개의 자성물질이 전자의 스핀(회전)에 의해 자화(磁化)될 때 같은 방향 또는 반대방향으로만 자화되는 '대칭적 상호작용' 뿐만 아니라 '비대칭적 상호작용' 에 의한 또다른 자화 방향도 생길 수 있다는 사실을 발견하고 이를 실험에 의해 재현하는 데 성공했다고 발표했다.<br/><br/>이는 한 쌍의 자성물질에 기록할 수 있는 정보의 양을 0과1의 비트 단위를 넘어 3차원 스핀 구조로 저장할 수 있다는 이론이어서 더욱 빠르고 용량이 큰 신개념 비휘발성 메모리 소자 개발에 기여할 수 있을 것으로 기대된다.<br/><br/>자성 메모리(M램)는 전원이 끊겨도 저장된 정보가 사라지지 않는 비휘발성과 고속 동작 등의 장점이 주목받으며 최근 상용화가 본격화되고 있는 차세대 반도체 메모디다. 삼성전자도 지난 3월 내장형 M램의 양산을 시작한다고 발표한 바 있다.<br/><br/>전류를 기반으로 하는 기존 메모리와 달리, 자성 메모리는 전자의 스핀에 의한 자성을 이용한다. 전자의 스핀 상태를 결정하는 자기적 상호작용은 일반적으로 대칭적인 형태(같은 방향 또는 반대 방향)로 발생한다. 두 개의 자성물질의 자화 방향이 같거나 반대일 때 0 또는 1의 정보가 기록된다.<br/><br/>연구팀은 자성 메모리 소자에 적합한 새로운 물질 개발을 연구하던 중에 아직까지 발견된 적이 없는 새로운 층간 자성 상호 작용을 발견했다. 일반적인 대칭적 상호작용에 의한 두 가지 자화 방향이 아닌 다른 형태의 자화방향을 발견하고 이것이 두 자성물질 사이에 있는 비자성 물질에 의해 대칭성이 붕괴되면서 발생한다는 것을 밝혀냈다.<br/><br/>연구팀은 실험 결과 이러한 현상이 두 자성층 간의 상호작용이 평행이든 반평행이든 상관없이 두 자성층의 종류에 무관하게 재현됐다고 밝혔다.<br/><br/>정명화 교수(교신저자) 연구실에서 이 현상을 함께 발견한 한동수 박사(제1저자, KIST)와 이규준(제1저자, 독일 마인츠대) 박사가 학위후 서로 흩어진 상황에서도 원리 규명을 위한 연구를 끝까지 같이 했다. 마인츠대 마티아스 클로우이 교수(교신저자)도 연구에 참여했다.<br/><br/>정명화 교수는 “이 연구는 자성 박막 사이에 존재하는 밝혀지지 않은 새로운 자기적 상호작용을 밝혔다는데 큰 의의가 있다”라며 “향후 메모리 소자의 저장 용량 한계를 극복하고 자성 소재의 구조적 문제를 해결해, 새로운 형태의 자성 메모리 소자를 설계하는 데 기여할 수 있을 것”이라고 연구 의의를 설명했다.<br/><br/><span class=""end_photo_org""><img alt="""" src=""https://imgnews.pstatic.net/image/031/2019/06/10/0000496158_001_20190610120108661.jpg?type=w647""><em class=""img_desc"">정명화 서강대 물리학과 교수 [과학기술정보통신부 제공]</em></img></span><br/><br/>이 연구는 재료분야 최상위 국제학술지인 '네이처 머티리얼스(Nature Materials)'에 6월 3일 게재됐다. (논문명 : Long-range chiral exchange interaction in synthetic antiferromagnets)<br/><br/><address><a author=""최상국"" href=""mailto:skchoi@inews24.com"">최상국기자</a> skchoi@inews24.com</address><br/><br/><a href=""https://media.naver.com/channel/promotion.nhn?oid=031"" target=""new"">▶네이버 채널에서 '아이뉴스24'를 구독해주세요.</a><br/><br/><a href=""http://www.inews24.com/tv/"" target=""new"">▶아이뉴스TV에서 부동산 고수를 만나보세요.</a><br/><br/>[ⓒ 아이뉴스24 무단전재 및 재배포 금지]<br/><br/>
<!-- // 본문 내용 -->
</div>]",2019-06-10 13:21
29,naver_news,IT/과학,2020년부터 전국 어디서나 '초고속인터넷' 쓴다,"[<div id=""articleBodyContents"">
<!-- 본문 내용 -->
<!-- TV플레이어 -->
<!-- // TV플레이어 -->
<script type=""text/javascript"">
// flash 오류를 우회하기 위한 함수 추가
function _flash_removeCallback() {}
</script>
<strong class=""media_end_summary"">과기정통부 보편적 역무로 지정, 제공 의무화</strong>[아이뉴스24 김문기 기자] 오는 2020년부터 전국 어디서나 초고속인터넷을 사용할 수 있다.<br/><br/>과학기술정보통신부(장관 유영민)는 오는 11일 초고속인터넷을 보편적 역무로 지정하고, 가입사실현황조회·가입제한서비스 및 경제상의 이익인 마일리지 고지를 의무화하는 전기통신사업법 시행령을 공포한다고 10일 발표했다.<br/><br/>초고속인터넷의 보편적 역무 지정은 오는 2020년 1월 1일부터 시행한다. 가입사실현황 조회·가입제한서비스 의무화 및 마일리지 고지 의무화는 오는 12일에 시행할 예정이다.<br/><br/><span class=""end_photo_org""><img alt="""" src=""https://imgnews.pstatic.net/image/031/2019/06/10/0000496157_001_20190610120106983.jpg?type=w647""><em class=""img_desc""> [사진=LGU+]</em></img></span><br/><br/>초고속인터넷은 금융 거래, 쇼핑, SNS, 동영상시청 등 일상생활에 필수재로서, 우리나라는 그간의 초고속인터넷 확산 정책의 결과 고품질의 초고속인터넷이 세계최고 수준으로 보급됐다. 지난 2017년 12월 기준 OECD 국가 중 광케이블 기준 초고속인터넷 보급률 1위를 차지하고 있다.<br/><br/>초고속인터넷이 1998년 도입된 이래, 정부는 융자지원 사업 등을 실시하여 시장의 자율적인 초고속인터넷망 구축을 유도하고, 농어촌광대역가입자망구축(BcN) 사업을 통해 1만3천473개 지역의 50가구 미만 소규모 농어촌지역에 초고속인터넷을 제공했다.<br/><br/>다만, 시골 등 고비용지역의 이용자는 사업자들이 제공을 기피하여 초고속인터넷을 여전히 이용할 수 없는 상황이다.<br/><br/>이에 따라, 초고속인터넷을 이용자의 기본적인 전기통신역무인 보편적 역무로 지정해 지정된 사업자에게 제공 의무를 부과하고, 어느 곳에서든 원하는 이용자가 초고속인터넷을 제공받을 수 있도록 보장한다.<br/><br/>향후, 고시에서 일정 속도의 초고속 인터넷을 제공받지 못하는 건물을 대상으로 제공 의무를 부과하고, 미국·영국 등 해외 대비 높은 속도로 제공할 계획이다. 과기정통부에 따르면 미국과 영국은 평균 10Mbps 속도다.<br/><br/>한편, 과기정통부는 가입사실현황 조회 의무화, 마일리지 고지 의무화 등 이용자의 권익 보호를 강화한다.<br/><br/>본인 명의의 통신서비스 계약 사실을 문자·우편으로 알려주는 명의도용방지서비스를 의무적으로 시행하고 있음에도 불구하고 명의도용 피해가 꾸준히 발생해 주요 전기통신사업자에게 본인의 통신서비스를 조회할 수 있는 가입사실현황조회서비스 및 사전에 통신서비스 계약을 제한할 수 있는 가입제한서비스를 추가로 의무화했다.<br/><br/>가입사실사실현황조회서비스는 시내·외전화, 인터넷전화·인터넷(매출액 300억원 이상), 이동통신 제공 사업자가 의무 대상이다. 가입제한서비스는 이동통신 제공사업자에 한한다.<br/><br/>이통3사의 2G․3G 종량제  피처폰 이용자는 관심 부족 등의 이유로 적립된 마일리지를 사용하지 못해 마일리지가 지속적으로 소멸됨에 따라 마일리지 적립․이용 방법 등 주요 현황을 통신사 홈페이지·요금청구서를 통해 안내하고, 1년 이내의 사용이력이 없는 이용자에게는 분기별로 문자메세지로 안내하도록 했다.<br/><br/><address><a author=""김문기"" href=""mailto:moon@inews24.com"">김문기기자</a> moon@inews24.com</address><br/><br/><a href=""https://media.naver.com/channel/promotion.nhn?oid=031"" target=""new"">▶네이버 채널에서 '아이뉴스24'를 구독해주세요.</a><br/><br/><a href=""http://www.inews24.com/tv/"" target=""new"">▶아이뉴스TV에서 부동산 고수를 만나보세요.</a><br/><br/>[ⓒ 아이뉴스24 무단전재 및 재배포 금지]<br/><br/>
<!-- // 본문 내용 -->
</div>]",2019-06-10 13:21
30,naver_news,IT/과학,"차세대 '자성메모리'내 자기 상호작용 규명…""메모리 속도·용량 개선기대""","[<div id=""articleBodyContents"">
<!-- 본문 내용 -->
<!-- TV플레이어 -->
<!-- // TV플레이어 -->
<script type=""text/javascript"">
// flash 오류를 우회하기 위한 함수 추가
function _flash_removeCallback() {}
</script>
<strong class=""media_end_summary"">서강대·독일 마인츠대 연구진, 지난 3일 네이처 머티리얼스에 게재</strong><span class=""end_photo_org""><img alt="""" src=""https://imgnews.pstatic.net/image/421/2019/06/10/0004032574_001_20190610120053114.jpg?type=w647""><em class=""img_desc"">정명화 교수(서강대학교)© 뉴스1</em></img></span><br/>(서울=뉴스1) 최소망 기자 = 차세대 메모리로 주목받고 있는 '자성 메모리'(M램) 내에서 일어나는 자성 물질 간 자기적 상호작용이 규명됐다. 자성 메모리의 속도를 높이고 저장용량을 확대할 수 있는 가능성을 입증했다고 평가받는다.<br/><br/>과학기술정보통신부는 정명화 서강대 교수가 마티아스 클로우이 독일 마인츠대 교수·한동수 한국과학기술연구원(KIST) 박사와 공동연구를 통해 지금까지 자성 메모리 내 자성물질 간 상호작용이 '대칭적' 방향으로만 일어난다는 이론을 깨고 '비대칭적' 방향으로 인한 상호작용이 발생한다는 것을 발견했다고 10일 밝혔다.<br/><br/>정보화 시대에서는 대용량 정보 저장장치 개발이 중요하다. 자성 메모리는 전원이 끊겨도 저장된 정보가 사라지지 않으며 고속으로 동작이 가능하다는 장점 때문에 주목받고 있다. 전류를 기반 기존 메모리와는 달리 자성 메모리는 전자의 스핀에 의한 자성을 이용한다. 두 개 자성물질 간 자화 방향이 같거나 반대일 때 0 또는 1의 정보가 기록된다.<br/><br/>기존에 자성 메모리 내 자성물질 간에는 자화방향과 동일한 방향 또는 반대방향으로 '대칭적 상호작용'만이 발생한다고 알려졌다. 그러나 연구팀은 '비대칭적 상호작용'에 의한 자화 방향도 있음을 발견했다. 이번 연구에서 밝혀진 비대칭적 상호작용은 두 자성물질 사이에 있는 비자성 물질에 의해 대칭성이 붕괴되면서 발생한다. 자성물질 종류와 무관하다. 자성물질 사이에 숨겨진 새로운 자기적 상호작용을 규명한 것이다.<br/><br/>비대칭적 자기 상호작용을 이용하면 자성물질에서 동일 또는 반대 방향의 대칭적 스핀 구조뿐 아니라 비대칭적 특이한 스핀 구조를 구성할 수 있다. 0과 1의 이진법을 넘어 빠르고 데이터 용량이 큰 신개념 비휘발성 메모리 소자 응용도 가능하다.<br/><br/>정명화 교수는 ""이 연구는 자성 박막 사이에 존재하는 밝혀지지 않은 새로운 자기적 상호작용을 밝혔다는데 큰 의의가 있다""면서 ""앞으로 메모리 소자의 저장 용량 한계를 극복하고 자성 소재의 구조적 문제를 해결해 새로운 형태의 자성 메모리 소자를 디자인하는 데 기여할 수 있을 것""이라고 기대했다.<br/><br/>이번 연구 성과는 지난 3일 '네이처 머티리얼스'에 실렸다.<br/><br/><span class=""end_photo_org""><img alt="""" src=""https://imgnews.pstatic.net/image/421/2019/06/10/0004032574_002_20190610120053136.jpg?type=w647""><em class=""img_desc"">비대칭 층간 상호작용에 대한 모식도© 뉴스1</em></img></span><br/><br/>somangchoi@news1.kr<br/><br/><p><a href=""https://www.cryptohub.or.kr"" target=""_blank"">▶ [ 크립토허브 ]</a> <a href=""http://happypet.news1.kr/"" target=""_blank"">▶ [ 해피펫 ]</a></p><p><a href=""https://media.naver.com/channel/promotion.nhn?oid=421"" target=""_blank"">▶ 네이버 메인에서 [뉴스1] 구독하기!</a></p><p>[© 뉴스1코리아(<a href=""http://news1.kr"" target=""_blank"">news1.kr</a>), 무단 전재 및 재배포 금지]</p>
<!-- // 본문 내용 -->
</div>]",2019-06-10 13:21
